brand,model,year,campaign_number,component,summary,report_date,consequence,remedy,manufacturer,url,merge_key,mpg_city,mpg_hwy,mpg_combined,cylinders,displ,transmission,vehicle_class,co2_gpm,fuelType,text_len,sent_neg,sent_neu,sent_pos,sent_compound
toyota,avalon,2012,18V569000,AIR BAGS,"Toyota Motor Engineering & Manufacturing (Toyota) is recalling certain 2012 Toyota Avalon vehicles.  During a vehicle repair, the seat belt inner buckles may have been replaced with parts that may incorrectly tell the air bag management system that the seat belt is always buckled.",2018-08-29,"If the seat belt is falsely interpreted as being buckled, in the event of a crash, the air bags may not deploy appropriately, increasing the risk of injury.","Toyota will notify owners, and dealers will test the seat belt assembly to verify that it is properly detecting being unbuckled, replacing the inner seat belt assembly as necessary, free of charge.  The recall began September 19, 2018.  Owners may contact Toyota customer service at 1-888-270-9371.  Toyota's number for this recall is J0S.",Toyota Motor Engineering & Manufacturing,,toyota_avalon_2012,19,28,22,6.0,3.5,Automatic (S6),Large Cars,403.95454545454544,Regular,281,0.0,0.951,0.049,0.2732
toyota,avalon,2012,15V047000,ELECTRICAL SYSTEM,"Toyota Motor Engineering & Manufacturing (Toyota) is recalling certain model year 2011-2012 Toyota Avalon vehicles manufactured February 9, 2010, to October 22, 2012.  In the affected vehicles, the sub-woofer speaker located in the trunk may experience an intermittent electrical short which may cause damage to the integrated circuit (IC) in the audio amplifier. In some cases, the damaged IC may allow a constant electrical current flow to the sub-woofer.",2015-01-28,"A constant electrical current flow may cause the sub-woofer to overheat, increasing the risk of fire.","Toyota will notify owners, and dealers will replace the audio system amplifier and install a protective cover around the sub-woofer, free of charge. The recall began on July 1,2015. Owners may contact Toyota customer service at 1-888-270-9371.",Toyota Motor Engineering & Manufacturing,,toyota_avalon_2012,19,28,22,6.0,3.5,Automatic (S6),Large Cars,403.95454545454544,Regular,457,0.104,0.841,0.054,-0.5719
toyota,avalon,2012,13V442000,ELECTRICAL SYSTEM,"Toyota is recalling certain model year 2012-2013 Avalon, Avalon HV, Venza, Camry, and Camry HV vehicles.  In the affected vehicles, the drain hose for the air conditioning condenser may become clogged causing water to accumulate at the bottom of the air conditioning condenser unit housing.  The accumulated water may then leak through a seam in the housing onto the air bag control module potentially resulting in a short circuit of the module.",2013-10-17,A short circuit may cause the air bags to become disabled or inadvertently deploy.  An inadvertent airbag deployment can increase the risk of injury or the possibility of a crash.  An inoperative airbag can increase the risk of injury in a severe crash.  The power steering assist could also become inoperable resulting in increased steering effort and can increase the risk of a crash at low speeds.,"Toyota will notify owners, and dealers will seal the air conditioning condenser unit housing and install a protective cover on the airbag control module, free of charge.  The recall began on February 5, 2014.  Owners may contact Toyota at 1-800-331-4331.",Toyota Motor Engineering & Manufacturing,,toyota_avalon_2012,19,28,22,6.0,3.5,Automatic (S6),Large Cars,403.95454545454544,Regular,445,0.055,0.917,0.029,-0.2263
toyota,avalon,2012,20V024000,AIR BAGS: AIR BAG/RESTRAINT CONTROL MODULE,"Toyota Motor Engineering & Manufacturing  (Toyota) is recalling certain 2011-2019 Corolla, 2011-2013 Matrix, 2012-2018 Avalon, and 2013-2018 Avalon Hybrid vehicles.  During certain crashes, the air bag electronic control unit (ECU) may malfunction, possibly disabling the deployment of the air bags and/or seat belt pretensioners.",2020-01-17,"In the event of a crash, air bags and/or seat belt pretensioners that do not deploy as intended may increase the risk of injury.","Toyota will notify owners, and dealers will inspect the ECU and install a noise filter between the air bag control module and its wire harness, as necessary, free of charge.  Owners were notified of the safety risk beginning March 2, 2020.  A second letter notifying owners of the remedy repair will be mailed between March 16, 2020 and June 27, 2020.  Owners may contact Toyota customer service at 1-888-270-9371.  Toyota's numbers for this recall are 20TB03, 20TA03 and 20TA05.",Toyota Motor Engineering & Manufacturing,EA19001,toyota_avalon_2012,19,28,22,6.0,3.5,Automatic (S6),Large Cars,403.95454545454544,Regular,330,0.066,0.846,0.089,0.0258
toyota,camry,2012,13V014000,AIR BAGS:FRONTAL:SENSOR/CONTROL MODULE-INACTIVE,"Southeast Toyota Distributors, LLC (SET) is recalling certain models interspersed through model years 2009 through 2013 as follows: model year 2009-2012 Tacoma, 4Runner, Camry, Camry Hybrid, Prius, and RAV4; model year 2009-2010 Avalon, FJ Cruiser, and Highlander Hybrid; model year 2010-2013 model year Corolla, Sienna and Tundra; model year 2009-2013 Highlander and Venza; model year 2012 Prius V; and model year 2010-2012 Sequoia.  During modification by SET to include accessories such as leather seat covers, seat heaters or headrest DVD systems, these vehicles may not have had the passenger seat occupant sensing system calibration tested.  Without passing the calibration test, the occupant sensing system may not operate as designed.",2013-01-16,"If the front passenger seat occupant sensing system is out of calibration, the front passenger airbags may not deploy or they may deploy inappropriately for the passenger's size and position.  This could increase the risk of personal injury during the event of a vehicle crash necessitating airbag deployment.","Southeast Toyota will notify owners, and dealers will test the sensitivity of the occupant detection sensors, and recalibrate them as necessary.  The recall began on March 21, 2013.  Owners may contact Southeast Toyota at 1-800-301-6859.","Southeast Toyota Distributors, LLC",,toyota_camry_2012,24,34,28,4.0,2.5,Automatic (S6),Midsize Cars,317.3928571428572,Regular,742,0.0,0.981,0.019,0.2732
toyota,camry,2012,13V014000,AIR BAGS:FRONTAL:SENSOR/CONTROL MODULE-INACTIVE,"Southeast Toyota Distributors, LLC (SET) is recalling certain models interspersed through model years 2009 through 2013 as follows: model year 2009-2012 Tacoma, 4Runner, Camry, Camry Hybrid, Prius, and RAV4; model year 2009-2010 Avalon, FJ Cruiser, and Highlander Hybrid; model year 2010-2013 model year Corolla, Sienna and Tundra; model year 2009-2013 Highlander and Venza; model year 2012 Prius V; and model year 2010-2012 Sequoia.  During modification by SET to include accessories such as leather seat covers, seat heaters or headrest DVD systems, these vehicles may not have had the passenger seat occupant sensing system calibration tested.  Without passing the calibration test, the occupant sensing system may not operate as designed.",2013-01-16,"If the front passenger seat occupant sensing system is out of calibration, the front passenger airbags may not deploy or they may deploy inappropriately for the passenger's size and position.  This could increase the risk of personal injury during the event of a vehicle crash necessitating airbag deployment.","Southeast Toyota will notify owners, and dealers will test the sensitivity of the occupant detection sensors, and recalibrate them as necessary.  The recall began on March 21, 2013.  Owners may contact Southeast Toyota at 1-800-301-6859.","Southeast Toyota Distributors, LLC",,toyota_camry_2012,21,30,24,6.0,3.5,Automatic (S6),Midsize Cars,370.2916666666667,Regular,742,0.0,0.981,0.019,0.2732
toyota,camry,2012,13V442000,ELECTRICAL SYSTEM,"Toyota is recalling certain model year 2012-2013 Avalon, Avalon HV, Venza, Camry, and Camry HV vehicles.  In the affected vehicles, the drain hose for the air conditioning condenser may become clogged causing water to accumulate at the bottom of the air conditioning condenser unit housing.  The accumulated water may then leak through a seam in the housing onto the air bag control module potentially resulting in a short circuit of the module.",2013-10-17,A short circuit may cause the air bags to become disabled or inadvertently deploy.  An inadvertent airbag deployment can increase the risk of injury or the possibility of a crash.  An inoperative airbag can increase the risk of injury in a severe crash.  The power steering assist could also become inoperable resulting in increased steering effort and can increase the risk of a crash at low speeds.,"Toyota will notify owners, and dealers will seal the air conditioning condenser unit housing and install a protective cover on the airbag control module, free of charge.  The recall began on February 5, 2014.  Owners may contact Toyota at 1-800-331-4331.",Toyota Motor Engineering & Manufacturing,,toyota_camry_2012,24,34,28,4.0,2.5,Automatic (S6),Midsize Cars,317.3928571428572,Regular,445,0.055,0.917,0.029,-0.2263
toyota,camry,2012,13V442000,ELECTRICAL SYSTEM,"Toyota is recalling certain model year 2012-2013 Avalon, Avalon HV, Venza, Camry, and Camry HV vehicles.  In the affected vehicles, the drain hose for the air conditioning condenser may become clogged causing water to accumulate at the bottom of the air conditioning condenser unit housing.  The accumulated water may then leak through a seam in the housing onto the air bag control module potentially resulting in a short circuit of the module.",2013-10-17,A short circuit may cause the air bags to become disabled or inadvertently deploy.  An inadvertent airbag deployment can increase the risk of injury or the possibility of a crash.  An inoperative airbag can increase the risk of injury in a severe crash.  The power steering assist could also become inoperable resulting in increased steering effort and can increase the risk of a crash at low speeds.,"Toyota will notify owners, and dealers will seal the air conditioning condenser unit housing and install a protective cover on the airbag control module, free of charge.  The recall began on February 5, 2014.  Owners may contact Toyota at 1-800-331-4331.",Toyota Motor Engineering & Manufacturing,,toyota_camry_2012,21,30,24,6.0,3.5,Automatic (S6),Midsize Cars,370.2916666666667,Regular,445,0.055,0.917,0.029,-0.2263
toyota,corolla,2012,19V005000,AIR BAGS:FRONTAL:PASSENGER SIDE:INFLATOR MODULE,"Toyota Motor Engineering & Manufacturing (Toyota) is recalling certain 2014-2016 Toyota 4Runner, 2014-2015 Scion xB, Lexus IS350C, IS250C, 2014 Toyota Sienna, Lexus IS-F, and 2014-2017 Lexus GX460 vehicles sold, or ever registered in the states of Alabama, California, Florida, Georgia, Hawaii, Louisiana, Mississippi, South Carolina, Texas, Puerto Rico, American Samoa, Guam, the Northern Mariana Islands (Saipan), and the U.S. Virgin Islands or ""Zone A.""   

Toyota is also recalling certain 2011-2013 Toyota Corolla, Corolla Matrix, Lexus IS250, IS350, 2011-2016 4Runner, 2011-2015 Scion xB, Lexus IS350C, IS250C, 2011-2014 Toyota Sienna, Lexus IS-F, 2011-2017 Lexus GX460, and 2011-2012 Lexus ES350 vehicles ever registered in the states of Arizona, Arkansas, Delaware, District of Columbia, Illinois, Indiana, Kansas, Kentucky, Maryland, Missouri, Nebraska, Nevada, New Jersey, New Mexico, North Carolina, Ohio, Oklahoma, Pennsylvania, Tennessee, Virginia, and West Virginia or ""Zone B.""  

Toyota is also recalling certain 2010-2013 Toyota Corolla, Corolla Matrix, Lexus IS350, 2010-2016 4Runner, 2010-2013 Lexus IS250, 2010-2015 Scion xB, Lexus IS350C, IS250C, 2010-2017 Lexus GX460, 2010-2014 Lexus IS-F, and 2010-2012 Lexus ES350 vehicles ever registered in the states of Alaska, Colorado, Connecticut, Idaho, Iowa, Maine, Massachusetts, Michigan, Minnesota, Montana, New Hampshire, New York, North Dakota, Oregon, Rhode Island, South Dakota, Utah, Vermont, Washington, Wisconsin, and Wyoming or ""Zone C.""   

These vehicles are equipped with air bag inflators assembled as part of the passenger frontal air bag modules, used as original equipment or replacement equipment (such as after a vehicle crash necessitating replacement of the original air bags), that may explode due to propellant degradation occurring after long-term exposure to high absolute humidity, temperature and temperature cycling.",2019-01-09,An inflator explosion may result in sharp metal fragments striking the driver or other occupants resulting in serious injury or death.,"Toyota will notify owners.  Depending on the vehicle model, dealers will replace the front passenger air bag inflator, or replace the air bag assembly.  The recall began February 15, 2019.  Owners may contact Toyota customer service at 1-800-331-4331. Toyota's numbers for this recall are ""Zone A"" Toyota: G0P, Lexus: GLG; ""Zone B"" Toyota: G0R, Lexus GLH; ""Zone C"" Toyota: H0A, and Lexus: HLA.",Toyota Motor Engineering & Manufacturing,EA15001,toyota_corolla_2012,26,34,29,4.0,1.8,Automatic 4-spd,Compact Cars,306.4482758620689,Regular,1917,0.023,0.937,0.04,0.4215
toyota,corolla,2012,19V005000,AIR BAGS:FRONTAL:PASSENGER SIDE:INFLATOR MODULE,"Toyota Motor Engineering & Manufacturing (Toyota) is recalling certain 2014-2016 Toyota 4Runner, 2014-2015 Scion xB, Lexus IS350C, IS250C, 2014 Toyota Sienna, Lexus IS-F, and 2014-2017 Lexus GX460 vehicles sold, or ever registered in the states of Alabama, California, Florida, Georgia, Hawaii, Louisiana, Mississippi, South Carolina, Texas, Puerto Rico, American Samoa, Guam, the Northern Mariana Islands (Saipan), and the U.S. Virgin Islands or ""Zone A.""   

Toyota is also recalling certain 2011-2013 Toyota Corolla, Corolla Matrix, Lexus IS250, IS350, 2011-2016 4Runner, 2011-2015 Scion xB, Lexus IS350C, IS250C, 2011-2014 Toyota Sienna, Lexus IS-F, 2011-2017 Lexus GX460, and 2011-2012 Lexus ES350 vehicles ever registered in the states of Arizona, Arkansas, Delaware, District of Columbia, Illinois, Indiana, Kansas, Kentucky, Maryland, Missouri, Nebraska, Nevada, New Jersey, New Mexico, North Carolina, Ohio, Oklahoma, Pennsylvania, Tennessee, Virginia, and West Virginia or ""Zone B.""  

Toyota is also recalling certain 2010-2013 Toyota Corolla, Corolla Matrix, Lexus IS350, 2010-2016 4Runner, 2010-2013 Lexus IS250, 2010-2015 Scion xB, Lexus IS350C, IS250C, 2010-2017 Lexus GX460, 2010-2014 Lexus IS-F, and 2010-2012 Lexus ES350 vehicles ever registered in the states of Alaska, Colorado, Connecticut, Idaho, Iowa, Maine, Massachusetts, Michigan, Minnesota, Montana, New Hampshire, New York, North Dakota, Oregon, Rhode Island, South Dakota, Utah, Vermont, Washington, Wisconsin, and Wyoming or ""Zone C.""   

These vehicles are equipped with air bag inflators assembled as part of the passenger frontal air bag modules, used as original equipment or replacement equipment (such as after a vehicle crash necessitating replacement of the original air bags), that may explode due to propellant degradation occurring after long-term exposure to high absolute humidity, temperature and temperature cycling.",2019-01-09,An inflator explosion may result in sharp metal fragments striking the driver or other occupants resulting in serious injury or death.,"Toyota will notify owners.  Depending on the vehicle model, dealers will replace the front passenger air bag inflator, or replace the air bag assembly.  The recall began February 15, 2019.  Owners may contact Toyota customer service at 1-800-331-4331. Toyota's numbers for this recall are ""Zone A"" Toyota: G0P, Lexus: GLG; ""Zone B"" Toyota: G0R, Lexus GLH; ""Zone C"" Toyota: H0A, and Lexus: HLA.",Toyota Motor Engineering & Manufacturing,EA15001,toyota_corolla_2012,27,33,29,4.0,1.8,Manual 5-spd,Compact Cars,306.4482758620689,Regular,1917,0.023,0.937,0.04,0.4215
toyota,corolla,2012,19V741000,AIR BAGS:FRONTAL:PASSENGER SIDE:INFLATOR MODULE,"Toyota Motor Engineering & Manufacturing (Toyota) is recalling certain 2010-2016 4Runner, 2003-2006 Tundra, 2003-2013 Corolla, 2009-2010 Corolla Matrix, 2004-2005 RAV4, 2002-2007 Sequoia, 2011-2013 Sienna, 2008-2012 Scion xB, 2008-2009 Lexus IS-F, 2007-2012 Yaris and Lexus ES350, 2010-2017 Lexus GX460, 2002-2010 Lexus SC430, 2006-2012 Lexus IS250 and IS350 and 2010-2015 Lexus IS250C and IS350C vehicles.

These vehicles had their driver or passenger frontal air bag inflators previously replaced under a prior recall using inflators of the same design.  The inflators may explode due to propellant degradation occurring after long-term exposure to high absolute humidity, temperature and temperature cycling.",2019-10-17,An inflator explosion may result in sharp metal fragments striking the driver or other occupants resulting in serious injury or death.,"Toyota will notify owners.  Depending on the vehicle model, dealers will replace the front driver inflator, front passenger airbag inflator, the airbag assembly, or the front passenger airbag sub-assembly and inflator.  The recall began November 20, 2019.  Owners may contact Toyota customer service at 1-888-270-9371 or Lexus customer service at 1-800-255-3987.  Toyota's numbers for this recall are J0A, J0B, and J0C.  Lexus' numbers for this recall are JLI, JLJ, and JLK.",Toyota Motor Engineering & Manufacturing,EA15001,toyota_corolla_2012,26,34,29,4.0,1.8,Automatic 4-spd,Compact Cars,306.4482758620689,Regular,713,0.035,0.944,0.022,-0.3182
toyota,corolla,2012,19V741000,AIR BAGS:FRONTAL:PASSENGER SIDE:INFLATOR MODULE,"Toyota Motor Engineering & Manufacturing (Toyota) is recalling certain 2010-2016 4Runner, 2003-2006 Tundra, 2003-2013 Corolla, 2009-2010 Corolla Matrix, 2004-2005 RAV4, 2002-2007 Sequoia, 2011-2013 Sienna, 2008-2012 Scion xB, 2008-2009 Lexus IS-F, 2007-2012 Yaris and Lexus ES350, 2010-2017 Lexus GX460, 2002-2010 Lexus SC430, 2006-2012 Lexus IS250 and IS350 and 2010-2015 Lexus IS250C and IS350C vehicles.

These vehicles had their driver or passenger frontal air bag inflators previously replaced under a prior recall using inflators of the same design.  The inflators may explode due to propellant degradation occurring after long-term exposure to high absolute humidity, temperature and temperature cycling.",2019-10-17,An inflator explosion may result in sharp metal fragments striking the driver or other occupants resulting in serious injury or death.,"Toyota will notify owners.  Depending on the vehicle model, dealers will replace the front driver inflator, front passenger airbag inflator, the airbag assembly, or the front passenger airbag sub-assembly and inflator.  The recall began November 20, 2019.  Owners may contact Toyota customer service at 1-888-270-9371 or Lexus customer service at 1-800-255-3987.  Toyota's numbers for this recall are J0A, J0B, and J0C.  Lexus' numbers for this recall are JLI, JLJ, and JLK.",Toyota Motor Engineering & Manufacturing,EA15001,toyota_corolla_2012,27,33,29,4.0,1.8,Manual 5-spd,Compact Cars,306.4482758620689,Regular,713,0.035,0.944,0.022,-0.3182
toyota,corolla,2012,17V006000,AIR BAGS:FRONTAL:PASSENGER SIDE:INFLATOR MODULE,"Toyota Motor Engineering & Manufacturing (Toyota) is recalling certain 2012 Toyota 4Runner, Corolla, Corolla Matrix, Sienna, Yaris, Scion xB, Lexus ES350, GX460, IS-F, IS250, IS350, IS250C, IS350C, and Lexus LFA vehicles originally sold, or ever registered, in Alabama, California, Florida, Georgia, Hawaii, Louisiana, Mississippi, South Carolina, Texas, Puerto Rico, American Samoa, Guam, the Northern Mariana Islands (Saipan), and the U.S. Virgin Islands, or ""Zone A.""

Additionally, unless included in ""Zone A"" above, Toyota is recalling certain 2009 Toyota Corolla, Corolla Matrix, Yaris, Yaris HB, Scion xB, Pontiac Vibe, Lexus, ES350, IS250, IS350, and IS-F vehicles originally sold, or ever registered, in Arizona, Arkansas, Delaware, District of Columbia, Illinois, Indiana, Kansas, Kentucky, Maryland, Missouri, Nebraska, Nevada, New Jersey, New Mexico, North Carolina, Ohio, Oklahoma, Pennsylvania, Tennessee, Virginia, and West Virginia, or ""Zone B.""

Additionally, unless included in ""Zone A"" or ""Zone B"" above, Toyota is recalling certain 2006-2008 Lexus IS250 and IS350, 2007-2008 Lexus ES350, Toyota Yaris, Yaris HB, and 2008 Lexus IS-F and Scion xB vehicles originally sold, or ever registered in Alaska, Colorado, Connecticut, Idaho, Iowa, Maine, Massachusetts, Michigan, Minnesota, Montana, New Hampshire, New York, North Dakota, Oregon, Rhode Island, South Dakota, Utah, Vermont, Washington, Wisconsin and Wyoming.

These vehicles are equipped with certain air bag inflators assembled as part of the passenger frontal air bag modules used as original equipment or replacement equipment.  In the event of a crash necessitating deployment of the passenger frontal air bag, these inflators may rupture due to propellant degradation occurring after long-term exposure to absolute humidity and temperature cycling.",2017-01-09,An inflator rupture may result in metal fragments striking the vehicle occupants resulting in serious injury or death.,"Toyota will notify the Toyota, Scion and Lexus owners.  General Motors will contact the Pontiac owners.  Depending on the model, dealers will replace the passenger frontal air bag inflator or the air bag assembly, free of charge.  The recall began on February 1, 2017.  Owners may contact Toyota customer service at 1-800-331-4331, or Pontiac customer service at 1-800-762-2737.  Toyota's numbers for final remedy for this campaign are G0P (Toyota Zone A), G0R (Toyota Zone B), H0A (Toyota Zone C), GLG (Lexus Zone A), GLH (Lexus Zone B) and HLA (Lexus Zone C).",Toyota Motor Engineering & Manufacturing,EA15001,toyota_corolla_2012,26,34,29,4.0,1.8,Automatic 4-spd,Compact Cars,306.4482758620689,Regular,1834,0.023,0.937,0.04,0.3818
toyota,corolla,2012,17V006000,AIR BAGS:FRONTAL:PASSENGER SIDE:INFLATOR MODULE,"Toyota Motor Engineering & Manufacturing (Toyota) is recalling certain 2012 Toyota 4Runner, Corolla, Corolla Matrix, Sienna, Yaris, Scion xB, Lexus ES350, GX460, IS-F, IS250, IS350, IS250C, IS350C, and Lexus LFA vehicles originally sold, or ever registered, in Alabama, California, Florida, Georgia, Hawaii, Louisiana, Mississippi, South Carolina, Texas, Puerto Rico, American Samoa, Guam, the Northern Mariana Islands (Saipan), and the U.S. Virgin Islands, or ""Zone A.""

Additionally, unless included in ""Zone A"" above, Toyota is recalling certain 2009 Toyota Corolla, Corolla Matrix, Yaris, Yaris HB, Scion xB, Pontiac Vibe, Lexus, ES350, IS250, IS350, and IS-F vehicles originally sold, or ever registered, in Arizona, Arkansas, Delaware, District of Columbia, Illinois, Indiana, Kansas, Kentucky, Maryland, Missouri, Nebraska, Nevada, New Jersey, New Mexico, North Carolina, Ohio, Oklahoma, Pennsylvania, Tennessee, Virginia, and West Virginia, or ""Zone B.""

Additionally, unless included in ""Zone A"" or ""Zone B"" above, Toyota is recalling certain 2006-2008 Lexus IS250 and IS350, 2007-2008 Lexus ES350, Toyota Yaris, Yaris HB, and 2008 Lexus IS-F and Scion xB vehicles originally sold, or ever registered in Alaska, Colorado, Connecticut, Idaho, Iowa, Maine, Massachusetts, Michigan, Minnesota, Montana, New Hampshire, New York, North Dakota, Oregon, Rhode Island, South Dakota, Utah, Vermont, Washington, Wisconsin and Wyoming.

These vehicles are equipped with certain air bag inflators assembled as part of the passenger frontal air bag modules used as original equipment or replacement equipment.  In the event of a crash necessitating deployment of the passenger frontal air bag, these inflators may rupture due to propellant degradation occurring after long-term exposure to absolute humidity and temperature cycling.",2017-01-09,An inflator rupture may result in metal fragments striking the vehicle occupants resulting in serious injury or death.,"Toyota will notify the Toyota, Scion and Lexus owners.  General Motors will contact the Pontiac owners.  Depending on the model, dealers will replace the passenger frontal air bag inflator or the air bag assembly, free of charge.  The recall began on February 1, 2017.  Owners may contact Toyota customer service at 1-800-331-4331, or Pontiac customer service at 1-800-762-2737.  Toyota's numbers for final remedy for this campaign are G0P (Toyota Zone A), G0R (Toyota Zone B), H0A (Toyota Zone C), GLG (Lexus Zone A), GLH (Lexus Zone B) and HLA (Lexus Zone C).",Toyota Motor Engineering & Manufacturing,EA15001,toyota_corolla_2012,27,33,29,4.0,1.8,Manual 5-spd,Compact Cars,306.4482758620689,Regular,1834,0.023,0.937,0.04,0.3818
toyota,corolla,2012,13V014000,AIR BAGS:FRONTAL:SENSOR/CONTROL MODULE-INACTIVE,"Southeast Toyota Distributors, LLC (SET) is recalling certain models interspersed through model years 2009 through 2013 as follows: model year 2009-2012 Tacoma, 4Runner, Camry, Camry Hybrid, Prius, and RAV4; model year 2009-2010 Avalon, FJ Cruiser, and Highlander Hybrid; model year 2010-2013 model year Corolla, Sienna and Tundra; model year 2009-2013 Highlander and Venza; model year 2012 Prius V; and model year 2010-2012 Sequoia.  During modification by SET to include accessories such as leather seat covers, seat heaters or headrest DVD systems, these vehicles may not have had the passenger seat occupant sensing system calibration tested.  Without passing the calibration test, the occupant sensing system may not operate as designed.",2013-01-16,"If the front passenger seat occupant sensing system is out of calibration, the front passenger airbags may not deploy or they may deploy inappropriately for the passenger's size and position.  This could increase the risk of personal injury during the event of a vehicle crash necessitating airbag deployment.","Southeast Toyota will notify owners, and dealers will test the sensitivity of the occupant detection sensors, and recalibrate them as necessary.  The recall began on March 21, 2013.  Owners may contact Southeast Toyota at 1-800-301-6859.","Southeast Toyota Distributors, LLC",,toyota_corolla_2012,26,34,29,4.0,1.8,Automatic 4-spd,Compact Cars,306.4482758620689,Regular,742,0.0,0.981,0.019,0.2732
toyota,corolla,2012,13V014000,AIR BAGS:FRONTAL:SENSOR/CONTROL MODULE-INACTIVE,"Southeast Toyota Distributors, LLC (SET) is recalling certain models interspersed through model years 2009 through 2013 as follows: model year 2009-2012 Tacoma, 4Runner, Camry, Camry Hybrid, Prius, and RAV4; model year 2009-2010 Avalon, FJ Cruiser, and Highlander Hybrid; model year 2010-2013 model year Corolla, Sienna and Tundra; model year 2009-2013 Highlander and Venza; model year 2012 Prius V; and model year 2010-2012 Sequoia.  During modification by SET to include accessories such as leather seat covers, seat heaters or headrest DVD systems, these vehicles may not have had the passenger seat occupant sensing system calibration tested.  Without passing the calibration test, the occupant sensing system may not operate as designed.",2013-01-16,"If the front passenger seat occupant sensing system is out of calibration, the front passenger airbags may not deploy or they may deploy inappropriately for the passenger's size and position.  This could increase the risk of personal injury during the event of a vehicle crash necessitating airbag deployment.","Southeast Toyota will notify owners, and dealers will test the sensitivity of the occupant detection sensors, and recalibrate them as necessary.  The recall began on March 21, 2013.  Owners may contact Southeast Toyota at 1-800-301-6859.","Southeast Toyota Distributors, LLC",,toyota_corolla_2012,27,33,29,4.0,1.8,Manual 5-spd,Compact Cars,306.4482758620689,Regular,742,0.0,0.981,0.019,0.2732
toyota,corolla,2012,20V024000,AIR BAGS: AIR BAG/RESTRAINT CONTROL MODULE,"Toyota Motor Engineering & Manufacturing  (Toyota) is recalling certain 2011-2019 Corolla, 2011-2013 Matrix, 2012-2018 Avalon, and 2013-2018 Avalon Hybrid vehicles.  During certain crashes, the air bag electronic control unit (ECU) may malfunction, possibly disabling the deployment of the air bags and/or seat belt pretensioners.",2020-01-17,"In the event of a crash, air bags and/or seat belt pretensioners that do not deploy as intended may increase the risk of injury.","Toyota will notify owners, and dealers will inspect the ECU and install a noise filter between the air bag control module and its wire harness, as necessary, free of charge.  Owners were notified of the safety risk beginning March 2, 2020.  A second letter notifying owners of the remedy repair will be mailed between March 16, 2020 and June 27, 2020.  Owners may contact Toyota customer service at 1-888-270-9371.  Toyota's numbers for this recall are 20TB03, 20TA03 and 20TA05.",Toyota Motor Engineering & Manufacturing,EA19001,toyota_corolla_2012,26,34,29,4.0,1.8,Automatic 4-spd,Compact Cars,306.4482758620689,Regular,330,0.066,0.846,0.089,0.0258
toyota,corolla,2012,20V024000,AIR BAGS: AIR BAG/RESTRAINT CONTROL MODULE,"Toyota Motor Engineering & Manufacturing  (Toyota) is recalling certain 2011-2019 Corolla, 2011-2013 Matrix, 2012-2018 Avalon, and 2013-2018 Avalon Hybrid vehicles.  During certain crashes, the air bag electronic control unit (ECU) may malfunction, possibly disabling the deployment of the air bags and/or seat belt pretensioners.",2020-01-17,"In the event of a crash, air bags and/or seat belt pretensioners that do not deploy as intended may increase the risk of injury.","Toyota will notify owners, and dealers will inspect the ECU and install a noise filter between the air bag control module and its wire harness, as necessary, free of charge.  Owners were notified of the safety risk beginning March 2, 2020.  A second letter notifying owners of the remedy repair will be mailed between March 16, 2020 and June 27, 2020.  Owners may contact Toyota customer service at 1-888-270-9371.  Toyota's numbers for this recall are 20TB03, 20TA03 and 20TA05.",Toyota Motor Engineering & Manufacturing,EA19001,toyota_corolla_2012,27,33,29,4.0,1.8,Manual 5-spd,Compact Cars,306.4482758620689,Regular,330,0.066,0.846,0.089,0.0258
toyota,matrix,2012,20V024000,AIR BAGS: AIR BAG/RESTRAINT CONTROL MODULE,"Toyota Motor Engineering & Manufacturing  (Toyota) is recalling certain 2011-2019 Corolla, 2011-2013 Matrix, 2012-2018 Avalon, and 2013-2018 Avalon Hybrid vehicles.  During certain crashes, the air bag electronic control unit (ECU) may malfunction, possibly disabling the deployment of the air bags and/or seat belt pretensioners.",2020-01-17,"In the event of a crash, air bags and/or seat belt pretensioners that do not deploy as intended may increase the risk of injury.","Toyota will notify owners, and dealers will inspect the ECU and install a noise filter between the air bag control module and its wire harness, as necessary, free of charge.  Owners were notified of the safety risk beginning March 2, 2020.  A second letter notifying owners of the remedy repair will be mailed between March 16, 2020 and June 27, 2020.  Owners may contact Toyota customer service at 1-888-270-9371.  Toyota's numbers for this recall are 20TB03, 20TA03 and 20TA05.",Toyota Motor Engineering & Manufacturing,EA19001,toyota_matrix_2012,25,31,27,4.0,1.8,Automatic 4-spd,Small Station Wagons,329.1481481481481,Regular,330,0.066,0.846,0.089,0.0258
toyota,matrix,2012,20V024000,AIR BAGS: AIR BAG/RESTRAINT CONTROL MODULE,"Toyota Motor Engineering & Manufacturing  (Toyota) is recalling certain 2011-2019 Corolla, 2011-2013 Matrix, 2012-2018 Avalon, and 2013-2018 Avalon Hybrid vehicles.  During certain crashes, the air bag electronic control unit (ECU) may malfunction, possibly disabling the deployment of the air bags and/or seat belt pretensioners.",2020-01-17,"In the event of a crash, air bags and/or seat belt pretensioners that do not deploy as intended may increase the risk of injury.","Toyota will notify owners, and dealers will inspect the ECU and install a noise filter between the air bag control module and its wire harness, as necessary, free of charge.  Owners were notified of the safety risk beginning March 2, 2020.  A second letter notifying owners of the remedy repair will be mailed between March 16, 2020 and June 27, 2020.  Owners may contact Toyota customer service at 1-888-270-9371.  Toyota's numbers for this recall are 20TB03, 20TA03 and 20TA05.",Toyota Motor Engineering & Manufacturing,EA19001,toyota_matrix_2012,26,32,29,4.0,1.8,Manual 5-spd,Small Station Wagons,306.4482758620689,Regular,330,0.066,0.846,0.089,0.0258
toyota,matrix,2012,20V024000,AIR BAGS: AIR BAG/RESTRAINT CONTROL MODULE,"Toyota Motor Engineering & Manufacturing  (Toyota) is recalling certain 2011-2019 Corolla, 2011-2013 Matrix, 2012-2018 Avalon, and 2013-2018 Avalon Hybrid vehicles.  During certain crashes, the air bag electronic control unit (ECU) may malfunction, possibly disabling the deployment of the air bags and/or seat belt pretensioners.",2020-01-17,"In the event of a crash, air bags and/or seat belt pretensioners that do not deploy as intended may increase the risk of injury.","Toyota will notify owners, and dealers will inspect the ECU and install a noise filter between the air bag control module and its wire harness, as necessary, free of charge.  Owners were notified of the safety risk beginning March 2, 2020.  A second letter notifying owners of the remedy repair will be mailed between March 16, 2020 and June 27, 2020.  Owners may contact Toyota customer service at 1-888-270-9371.  Toyota's numbers for this recall are 20TB03, 20TA03 and 20TA05.",Toyota Motor Engineering & Manufacturing,EA19001,toyota_matrix_2012,20,26,22,4.0,2.4,Automatic 4-spd,Small Station Wagons,403.95454545454544,Regular,330,0.066,0.846,0.089,0.0258
toyota,matrix,2012,20V024000,AIR BAGS: AIR BAG/RESTRAINT CONTROL MODULE,"Toyota Motor Engineering & Manufacturing  (Toyota) is recalling certain 2011-2019 Corolla, 2011-2013 Matrix, 2012-2018 Avalon, and 2013-2018 Avalon Hybrid vehicles.  During certain crashes, the air bag electronic control unit (ECU) may malfunction, possibly disabling the deployment of the air bags and/or seat belt pretensioners.",2020-01-17,"In the event of a crash, air bags and/or seat belt pretensioners that do not deploy as intended may increase the risk of injury.","Toyota will notify owners, and dealers will inspect the ECU and install a noise filter between the air bag control module and its wire harness, as necessary, free of charge.  Owners were notified of the safety risk beginning March 2, 2020.  A second letter notifying owners of the remedy repair will be mailed between March 16, 2020 and June 27, 2020.  Owners may contact Toyota customer service at 1-888-270-9371.  Toyota's numbers for this recall are 20TB03, 20TA03 and 20TA05.",Toyota Motor Engineering & Manufacturing,EA19001,toyota_matrix_2012,21,28,24,4.0,2.4,Manual 5-spd,Small Station Wagons,370.2916666666667,Regular,330,0.066,0.846,0.089,0.0258
toyota,matrix,2012,20V024000,AIR BAGS: AIR BAG/RESTRAINT CONTROL MODULE,"Toyota Motor Engineering & Manufacturing  (Toyota) is recalling certain 2011-2019 Corolla, 2011-2013 Matrix, 2012-2018 Avalon, and 2013-2018 Avalon Hybrid vehicles.  During certain crashes, the air bag electronic control unit (ECU) may malfunction, possibly disabling the deployment of the air bags and/or seat belt pretensioners.",2020-01-17,"In the event of a crash, air bags and/or seat belt pretensioners that do not deploy as intended may increase the risk of injury.","Toyota will notify owners, and dealers will inspect the ECU and install a noise filter between the air bag control module and its wire harness, as necessary, free of charge.  Owners were notified of the safety risk beginning March 2, 2020.  A second letter notifying owners of the remedy repair will be mailed between March 16, 2020 and June 27, 2020.  Owners may contact Toyota customer service at 1-888-270-9371.  Toyota's numbers for this recall are 20TB03, 20TA03 and 20TA05.",Toyota Motor Engineering & Manufacturing,EA19001,toyota_matrix_2012,21,28,24,4.0,2.4,Automatic (S5),Small Station Wagons,370.2916666666667,Regular,330,0.066,0.846,0.089,0.0258
toyota,prius,2012,18V684000,HYBRID PROPULSION SYSTEM,"Toyota Motor Engineering & Manufacturing (Toyota) is recalling certain 2010-2014 Toyota Prius and 2012-2014 Toyota Prius V vehicles.  Excessive voltage in the Intelligent Power Module (IPM) within the inverter may cause the hybrid system to shut down, causing the vehicle to stall while being driven.",2018-10-04,"If the hybrid system shuts down unexpectedly, it can increase the risk of a crash.","Toyota will notify owners, and dealers will update the software for the motor/generator control electronic control unit (ECU) and the hybrid control ECU as necessary, free of charge.  The recall began January 22, 2019.  Owners may contact Toyota customer service at 1-888-270-9371.  Toyota's number for this recall is J0V.  Note: The software updates in this recall are needed even if the vehicle had the software previously updated under recalls 14V-053 or 15V-449.",Toyota Motor Engineering & Manufacturing,,toyota_prius_2012,49,46,48,4.0,1.8,Automatic (variable gear ratios),Midsize Cars,185.14583333333331,Regular,300,0.038,0.853,0.109,0.5106
toyota,prius,2012,16V487000,AIR BAGS:SIDE/WINDOW,"Toyota Motor Engineering & Manufacturing (Toyota) is recalling certain model year 2010-2012 Toyota Prius, 2010 and 2012 Toyota Prius Plug-in Hybrid, and 2011-2012 Lexus CT200h vehicles.  A weld in the curtain shield air bag inflator may crack causing one or both portions of the inflator to eject into the passenger cabin.",2016-06-30,"If either portion of the curtain shield air bag inflator ejects into the passenger cabin, there is an increased risk of injury to vehicle occupants.","Toyota will notify owners, and dealers will install retention brackets to the curtain shield air bags, free of charge.  The recall began on October 17, 2016.  Owners may contact Toyota Customer Service Department at 1-800-331-4331.  Toyota's number for this recall is Toyota G0U, and Lexus GLJ.",Toyota Motor Engineering & Manufacturing,,toyota_prius_2012,49,46,48,4.0,1.8,Automatic (variable gear ratios),Midsize Cars,185.14583333333331,Regular,322,0.0,0.958,0.042,0.2732
toyota,prius,2012,14V053000,HYBRID PROPULSION SYSTEM: INVERTER,"Toyota is recalling certain model year 2010 through 2014 Prius vehicles.  In the affected vehicles, the Intelligent Power Module (IPM) inside the inverter module (a component of the hybrid system) contains transistors that may become damaged from high operating temperatures.  If this occurs, various warning lamps will be illuminated on the instrument panel and the vehicle will have reduced power allowing it to only drive a short distance.",2014-02-12,"The vehicle may enter a fail-safe/limp-home mode that limits the drivability of the vehicle.  The hybrid system could also shut down completely resulting in a vehicle stall, increasing the risk of a crash.","Toyota will notify owners and dealers will update the software for both the motor/generator control electronic control unit (ECU) and the hybrid control ECU, free of charge.  If an owner experiences a failure of the inverter before the vehicle receives updated software, the dealer will repair or replace the inverter assembly with a new one at no charge.  The recall began on March 21, 2014.  Owners may contact Toyota at 1-800-331-4331.",Toyota Motor Engineering & Manufacturing,,toyota_prius_2012,49,46,48,4.0,1.8,Automatic (variable gear ratios),Midsize Cars,185.14583333333331,Regular,442,0.093,0.838,0.069,-0.2023
toyota,prius,2012,16V396000,SEATS:FRONT ASSEMBLY:SEAT HEATER/COOLER,"Southeast Toyota Distributors, LLC (SET) is recalling certain 2005-2011 4Runner, Highlander, Sequoia, and Sienna, 2005-2010 Avalon and Tundra, 2006-2008 Camry Solara, 2006-2010 Highlander hybrid, 2006-2011 Rav4 and Tacoma, 2007-2010 FJ Cruiser, 2007-2011 Camry hybrid, 2009-2010 Venza, 2010-2012 Prius, 1988-1990 and 2005-2010 Camry, and 1989 and 2009-2010 Corolla vehicles equipped with aftermarket accessory seat heaters with a copper strand heating element.  The electrical wiring in the seat heaters may be damaged when the seat cushion is compressed.",2016-06-02,"If damaged, the copper strand heating element may short circuit, increasing the risk of a fire.","SET will notify owners, and dealers will disconnect the seat heaters, free of charge, and refund the purchase price of the seat heater accessory. The recall began on July 14, 2016. Owners may contact SET customer service at 1-866-405-4226. SET number for this recall is SET16B.","Southeast Toyota Distributors, LLC",,toyota_prius_2012,49,46,48,4.0,1.8,Automatic (variable gear ratios),Midsize Cars,185.14583333333331,Regular,555,0.037,0.936,0.027,-0.2023
toyota,prius,2012,13V014000,AIR BAGS:FRONTAL:SENSOR/CONTROL MODULE-INACTIVE,"Southeast Toyota Distributors, LLC (SET) is recalling certain models interspersed through model years 2009 through 2013 as follows: model year 2009-2012 Tacoma, 4Runner, Camry, Camry Hybrid, Prius, and RAV4; model year 2009-2010 Avalon, FJ Cruiser, and Highlander Hybrid; model year 2010-2013 model year Corolla, Sienna and Tundra; model year 2009-2013 Highlander and Venza; model year 2012 Prius V; and model year 2010-2012 Sequoia.  During modification by SET to include accessories such as leather seat covers, seat heaters or headrest DVD systems, these vehicles may not have had the passenger seat occupant sensing system calibration tested.  Without passing the calibration test, the occupant sensing system may not operate as designed.",2013-01-16,"If the front passenger seat occupant sensing system is out of calibration, the front passenger airbags may not deploy or they may deploy inappropriately for the passenger's size and position.  This could increase the risk of personal injury during the event of a vehicle crash necessitating airbag deployment.","Southeast Toyota will notify owners, and dealers will test the sensitivity of the occupant detection sensors, and recalibrate them as necessary.  The recall began on March 21, 2013.  Owners may contact Southeast Toyota at 1-800-301-6859.","Southeast Toyota Distributors, LLC",,toyota_prius_2012,49,46,48,4.0,1.8,Automatic (variable gear ratios),Midsize Cars,185.14583333333331,Regular,742,0.0,0.981,0.019,0.2732
toyota,prius,2012,13V123000,EQUIPMENT:OTHER:LABELS,"Southeast Toyota is recalling certain model year 2008 and 2010-2013 Toyota Tundra, 2010-2012 Rav4, 2012 Toyota Sequoia, 2010-2011 Toyota Corolla, 2010-2011 Toyota Camry and Camry Hybrid, 2010-2013 Toyota Highlander and Highlander Hybrid, 2010-2013 Toyota FJ Cruiser, 2011 Toyota Land Cruiser, 2010-2013 Toyota Venza, 2010-2011 Toyota 4Runner, 2010-2013 Toyota Tacoma, 2011-2012 Toyota Sienna, 2012 Toyota Prius, 2013 Scion FR-S, 2011 Scion XD, 2011 Scion XB, and 2012 Scion TC vehicles.  These vehicles were sold with labels that were outside the allowable one percent of accuracy of actual weight added.  Thus,  these vehicles fail to comply with the requirements of Federal Motor Vehicle Safety Standard (FMVSS) Number 110, ""Tire Selection and Rims.""",2013-04-09,"An inaccurate label could lead to owners overloading their vehicles and tires.  An overloaded vehicle can result in a tire failure which may result in a vehicle crash, personal injury, or property damage.","Southeast Toyota will notify owners and provide a corrected label with instructions concerning its installation.  A small group of the affected vehicles will need additonal remedies which are still being developed.  The recall began on May 28, 2013.  Owners may contact Southeast Toyota at 1-800-301-6859.","Southeast Toyota Distributors, LLC",,toyota_prius_2012,49,46,48,4.0,1.8,Automatic (variable gear ratios),Midsize Cars,185.14583333333331,Regular,752,0.029,0.881,0.09,0.7378
toyota,priuspluginhybrid,2012,17V718000,HYBRID PROPULSION SYSTEM,Toyota Motor Engineering & Manufacturing (Toyota) is recalling certain 2012-2015 Prius Plug-in Hybrid vehicles.  The hybrid battery contains an Electric Vehicle (EV) fuse that may fracture after repeated high-load driving conditions such as climbing long hills.,2017-11-15,The failed fuse may cause the hybrid system to shut down resulting in the loss of power.  Loss of power while driving at higher speeds can increase the risk of a crash.,"Toyota will notify owners, and dealers will replace the EV fuse, free of charge.  The recall is expected to begin January 8, 2018.  Owners may contact Toyota customer service at 1-800-331-4331.  Toyota's number for this recall is H0R.",Toyota Motor Engineering & Manufacturing,,toyota_priuspluginhybrid_2012,51,49,50,4.0,1.8,Automatic (variable gear ratios),Midsize Cars,133.0,Regular Gas and Electricity,261,0.0,0.942,0.058,0.2732
toyota,priuspluginhybrid,2012,16V487000,AIR BAGS:SIDE/WINDOW,"Toyota Motor Engineering & Manufacturing (Toyota) is recalling certain model year 2010-2012 Toyota Prius, 2010 and 2012 Toyota Prius Plug-in Hybrid, and 2011-2012 Lexus CT200h vehicles.  A weld in the curtain shield air bag inflator may crack causing one or both portions of the inflator to eject into the passenger cabin.",2016-06-30,"If either portion of the curtain shield air bag inflator ejects into the passenger cabin, there is an increased risk of injury to vehicle occupants.","Toyota will notify owners, and dealers will install retention brackets to the curtain shield air bags, free of charge.  The recall began on October 17, 2016.  Owners may contact Toyota Customer Service Department at 1-800-331-4331.  Toyota's number for this recall is Toyota G0U, and Lexus GLJ.",Toyota Motor Engineering & Manufacturing,,toyota_priuspluginhybrid_2012,51,49,50,4.0,1.8,Automatic (variable gear ratios),Midsize Cars,133.0,Regular Gas and Electricity,322,0.0,0.958,0.042,0.2732
toyota,priusv,2012,18V684000,HYBRID PROPULSION SYSTEM,"Toyota Motor Engineering & Manufacturing (Toyota) is recalling certain 2010-2014 Toyota Prius and 2012-2014 Toyota Prius V vehicles.  Excessive voltage in the Intelligent Power Module (IPM) within the inverter may cause the hybrid system to shut down, causing the vehicle to stall while being driven.",2018-10-04,"If the hybrid system shuts down unexpectedly, it can increase the risk of a crash.","Toyota will notify owners, and dealers will update the software for the motor/generator control electronic control unit (ECU) and the hybrid control ECU as necessary, free of charge.  The recall began January 22, 2019.  Owners may contact Toyota customer service at 1-888-270-9371.  Toyota's number for this recall is J0V.  Note: The software updates in this recall are needed even if the vehicle had the software previously updated under recalls 14V-053 or 15V-449.",Toyota Motor Engineering & Manufacturing,,toyota_priusv_2012,43,39,41,4.0,1.8,Automatic (variable gear ratios),Midsize Station Wagons,216.7560975609756,Regular,300,0.038,0.853,0.109,0.5106
toyota,priusv,2012,15V449000,HYBRID PROPULSION SYSTEM: INVERTER,"Toyota Motor Engineering & Manufacturing (Toyota) is recalling certain model year 2012-2014 Prius V vehicles manufactured August 22, 2011, to June 30, 2014.  A component within the hybrid inverter assembly may overheat, causing the hybrid system to reduce output power allowing the vehicle to only drive a short distance.  In some circumstances, the hybrid system may shut down causing the vehicle to stop while being driven.",2015-07-15,"The vehicle may enter a fail-safe/limp-home mode that limits the drivability of the vehicle.  The hybrid system could also shut down completely resulting in a vehicle stall, increasing the risk of a crash.","Toyota will notify owners, and dealers will update the software for the motor/generator control electronic control unti (ECU) and the hybrid control ECU, free of charge.  The recall began on July 30, 2015.  Owners may contact Toyota customer service at 1-888-270-9371.",Toyota Motor Engineering & Manufacturing,,toyota_priusv_2012,43,39,41,4.0,1.8,Automatic (variable gear ratios),Midsize Station Wagons,216.7560975609756,Regular,425,0.034,0.933,0.033,-0.0258
toyota,priusv,2012,13E070000,EXTERIOR LIGHTING:TAIL LIGHTS,"Genera Corporation (Genera) is recalling certain aftermarket replacement tail lights, model 11-6468-00 (driver-side), and model 11-6467-00 (passenger-side), sold for use on 2012-2013 Toyota Prius V vehicles. The brake light and tail  light circuits are switched causing the brake lights to be illuminated continuously until the brake pedal is pressed, when the brake lights will go out.",2013-12-12,"The reversed tail lamp function reduces the ability to warn other motorists of the driver's intentions, increasing the risk of a crash.","Genera will notify owners and provide replacement aftermarket tail lamps, free of charge.  The recall began on January 23, 2014.  Owners may contact Genera at 1-888-963-9888.  This recall is being conducted by Genera Corporation, not by Toyota Motor Corporation.",Genera Corporation,,toyota_priusv_2012,43,39,41,4.0,1.8,Automatic (variable gear ratios),Midsize Station Wagons,216.7560975609756,Regular,386,0.0,0.963,0.037,0.2732
toyota,priusv,2012,13V014000,AIR BAGS:FRONTAL:SENSOR/CONTROL MODULE-INACTIVE,"Southeast Toyota Distributors, LLC (SET) is recalling certain models interspersed through model years 2009 through 2013 as follows: model year 2009-2012 Tacoma, 4Runner, Camry, Camry Hybrid, Prius, and RAV4; model year 2009-2010 Avalon, FJ Cruiser, and Highlander Hybrid; model year 2010-2013 model year Corolla, Sienna and Tundra; model year 2009-2013 Highlander and Venza; model year 2012 Prius V; and model year 2010-2012 Sequoia.  During modification by SET to include accessories such as leather seat covers, seat heaters or headrest DVD systems, these vehicles may not have had the passenger seat occupant sensing system calibration tested.  Without passing the calibration test, the occupant sensing system may not operate as designed.",2013-01-16,"If the front passenger seat occupant sensing system is out of calibration, the front passenger airbags may not deploy or they may deploy inappropriately for the passenger's size and position.  This could increase the risk of personal injury during the event of a vehicle crash necessitating airbag deployment.","Southeast Toyota will notify owners, and dealers will test the sensitivity of the occupant detection sensors, and recalibrate them as necessary.  The recall began on March 21, 2013.  Owners may contact Southeast Toyota at 1-800-301-6859.","Southeast Toyota Distributors, LLC",,toyota_priusv_2012,43,39,41,4.0,1.8,Automatic (variable gear ratios),Midsize Station Wagons,216.7560975609756,Regular,742,0.0,0.981,0.019,0.2732
toyota,venza,2012,13V014000,AIR BAGS:FRONTAL:SENSOR/CONTROL MODULE-INACTIVE,"Southeast Toyota Distributors, LLC (SET) is recalling certain models interspersed through model years 2009 through 2013 as follows: model year 2009-2012 Tacoma, 4Runner, Camry, Camry Hybrid, Prius, and RAV4; model year 2009-2010 Avalon, FJ Cruiser, and Highlander Hybrid; model year 2010-2013 model year Corolla, Sienna and Tundra; model year 2009-2013 Highlander and Venza; model year 2012 Prius V; and model year 2010-2012 Sequoia.  During modification by SET to include accessories such as leather seat covers, seat heaters or headrest DVD systems, these vehicles may not have had the passenger seat occupant sensing system calibration tested.  Without passing the calibration test, the occupant sensing system may not operate as designed.",2013-01-16,"If the front passenger seat occupant sensing system is out of calibration, the front passenger airbags may not deploy or they may deploy inappropriately for the passenger's size and position.  This could increase the risk of personal injury during the event of a vehicle crash necessitating airbag deployment.","Southeast Toyota will notify owners, and dealers will test the sensitivity of the occupant detection sensors, and recalibrate them as necessary.  The recall began on March 21, 2013.  Owners may contact Southeast Toyota at 1-800-301-6859.","Southeast Toyota Distributors, LLC",,toyota_venza_2012,21,27,23,4.0,2.7,Automatic (S6),Sport Utility Vehicle - 2WD,386.39130434782606,Regular,742,0.0,0.981,0.019,0.2732
toyota,venza,2012,13V014000,AIR BAGS:FRONTAL:SENSOR/CONTROL MODULE-INACTIVE,"Southeast Toyota Distributors, LLC (SET) is recalling certain models interspersed through model years 2009 through 2013 as follows: model year 2009-2012 Tacoma, 4Runner, Camry, Camry Hybrid, Prius, and RAV4; model year 2009-2010 Avalon, FJ Cruiser, and Highlander Hybrid; model year 2010-2013 model year Corolla, Sienna and Tundra; model year 2009-2013 Highlander and Venza; model year 2012 Prius V; and model year 2010-2012 Sequoia.  During modification by SET to include accessories such as leather seat covers, seat heaters or headrest DVD systems, these vehicles may not have had the passenger seat occupant sensing system calibration tested.  Without passing the calibration test, the occupant sensing system may not operate as designed.",2013-01-16,"If the front passenger seat occupant sensing system is out of calibration, the front passenger airbags may not deploy or they may deploy inappropriately for the passenger's size and position.  This could increase the risk of personal injury during the event of a vehicle crash necessitating airbag deployment.","Southeast Toyota will notify owners, and dealers will test the sensitivity of the occupant detection sensors, and recalibrate them as necessary.  The recall began on March 21, 2013.  Owners may contact Southeast Toyota at 1-800-301-6859.","Southeast Toyota Distributors, LLC",,toyota_venza_2012,19,26,21,6.0,3.5,Automatic (S6),Sport Utility Vehicle - 2WD,423.1904761904762,Regular,742,0.0,0.981,0.019,0.2732
toyota,venza,2012,13V123000,EQUIPMENT:OTHER:LABELS,"Southeast Toyota is recalling certain model year 2008 and 2010-2013 Toyota Tundra, 2010-2012 Rav4, 2012 Toyota Sequoia, 2010-2011 Toyota Corolla, 2010-2011 Toyota Camry and Camry Hybrid, 2010-2013 Toyota Highlander and Highlander Hybrid, 2010-2013 Toyota FJ Cruiser, 2011 Toyota Land Cruiser, 2010-2013 Toyota Venza, 2010-2011 Toyota 4Runner, 2010-2013 Toyota Tacoma, 2011-2012 Toyota Sienna, 2012 Toyota Prius, 2013 Scion FR-S, 2011 Scion XD, 2011 Scion XB, and 2012 Scion TC vehicles.  These vehicles were sold with labels that were outside the allowable one percent of accuracy of actual weight added.  Thus,  these vehicles fail to comply with the requirements of Federal Motor Vehicle Safety Standard (FMVSS) Number 110, ""Tire Selection and Rims.""",2013-04-09,"An inaccurate label could lead to owners overloading their vehicles and tires.  An overloaded vehicle can result in a tire failure which may result in a vehicle crash, personal injury, or property damage.","Southeast Toyota will notify owners and provide a corrected label with instructions concerning its installation.  A small group of the affected vehicles will need additonal remedies which are still being developed.  The recall began on May 28, 2013.  Owners may contact Southeast Toyota at 1-800-301-6859.","Southeast Toyota Distributors, LLC",,toyota_venza_2012,21,27,23,4.0,2.7,Automatic (S6),Sport Utility Vehicle - 2WD,386.39130434782606,Regular,752,0.029,0.881,0.09,0.7378
toyota,venza,2012,13V123000,EQUIPMENT:OTHER:LABELS,"Southeast Toyota is recalling certain model year 2008 and 2010-2013 Toyota Tundra, 2010-2012 Rav4, 2012 Toyota Sequoia, 2010-2011 Toyota Corolla, 2010-2011 Toyota Camry and Camry Hybrid, 2010-2013 Toyota Highlander and Highlander Hybrid, 2010-2013 Toyota FJ Cruiser, 2011 Toyota Land Cruiser, 2010-2013 Toyota Venza, 2010-2011 Toyota 4Runner, 2010-2013 Toyota Tacoma, 2011-2012 Toyota Sienna, 2012 Toyota Prius, 2013 Scion FR-S, 2011 Scion XD, 2011 Scion XB, and 2012 Scion TC vehicles.  These vehicles were sold with labels that were outside the allowable one percent of accuracy of actual weight added.  Thus,  these vehicles fail to comply with the requirements of Federal Motor Vehicle Safety Standard (FMVSS) Number 110, ""Tire Selection and Rims.""",2013-04-09,"An inaccurate label could lead to owners overloading their vehicles and tires.  An overloaded vehicle can result in a tire failure which may result in a vehicle crash, personal injury, or property damage.","Southeast Toyota will notify owners and provide a corrected label with instructions concerning its installation.  A small group of the affected vehicles will need additonal remedies which are still being developed.  The recall began on May 28, 2013.  Owners may contact Southeast Toyota at 1-800-301-6859.","Southeast Toyota Distributors, LLC",,toyota_venza_2012,19,26,21,6.0,3.5,Automatic (S6),Sport Utility Vehicle - 2WD,423.1904761904762,Regular,752,0.029,0.881,0.09,0.7378
toyota,venza,2012,13V442000,ELECTRICAL SYSTEM,"Toyota is recalling certain model year 2012-2013 Avalon, Avalon HV, Venza, Camry, and Camry HV vehicles.  In the affected vehicles, the drain hose for the air conditioning condenser may become clogged causing water to accumulate at the bottom of the air conditioning condenser unit housing.  The accumulated water may then leak through a seam in the housing onto the air bag control module potentially resulting in a short circuit of the module.",2013-10-17,A short circuit may cause the air bags to become disabled or inadvertently deploy.  An inadvertent airbag deployment can increase the risk of injury or the possibility of a crash.  An inoperative airbag can increase the risk of injury in a severe crash.  The power steering assist could also become inoperable resulting in increased steering effort and can increase the risk of a crash at low speeds.,"Toyota will notify owners, and dealers will seal the air conditioning condenser unit housing and install a protective cover on the airbag control module, free of charge.  The recall began on February 5, 2014.  Owners may contact Toyota at 1-800-331-4331.",Toyota Motor Engineering & Manufacturing,,toyota_venza_2012,21,27,23,4.0,2.7,Automatic (S6),Sport Utility Vehicle - 2WD,386.39130434782606,Regular,445,0.055,0.917,0.029,-0.2263
toyota,venza,2012,13V442000,ELECTRICAL SYSTEM,"Toyota is recalling certain model year 2012-2013 Avalon, Avalon HV, Venza, Camry, and Camry HV vehicles.  In the affected vehicles, the drain hose for the air conditioning condenser may become clogged causing water to accumulate at the bottom of the air conditioning condenser unit housing.  The accumulated water may then leak through a seam in the housing onto the air bag control module potentially resulting in a short circuit of the module.",2013-10-17,A short circuit may cause the air bags to become disabled or inadvertently deploy.  An inadvertent airbag deployment can increase the risk of injury or the possibility of a crash.  An inoperative airbag can increase the risk of injury in a severe crash.  The power steering assist could also become inoperable resulting in increased steering effort and can increase the risk of a crash at low speeds.,"Toyota will notify owners, and dealers will seal the air conditioning condenser unit housing and install a protective cover on the airbag control module, free of charge.  The recall began on February 5, 2014.  Owners may contact Toyota at 1-800-331-4331.",Toyota Motor Engineering & Manufacturing,,toyota_venza_2012,19,26,21,6.0,3.5,Automatic (S6),Sport Utility Vehicle - 2WD,423.1904761904762,Regular,445,0.055,0.917,0.029,-0.2263
toyota,venza,2012,21V257000,AIR BAGS:SIDE/WINDOW:CURTAIN,Toyota Motor Engineering & Manufacturing (Toyota) is recalling certain 2009-2015 Venza vehicles.  The Supplemental Restraint System (SRS) wiring may become damaged with regular use of the driver-side door.,2021-04-13,"Damaged wires may cause the air bag sensor to become inoperable, preventing the deployment of the side and curtain air bags on the driver side and increasing the risk of injury during a crash.","Dealers will inspect and, if necessary, replace the driver-side front door wire harness, free of charge.  Owner notification letters were mailed October 19, 2021.  Owners may contact Toyota customer service at 1-800-331-4331.  Toyota's number for this recall is 21TB01/21TA01.",Toyota Motor Engineering & Manufacturing,,toyota_venza_2012,21,27,23,4.0,2.7,Automatic (S6),Sport Utility Vehicle - 2WD,386.39130434782606,Regular,205,0.097,0.833,0.07,-0.2023
toyota,venza,2012,21V257000,AIR BAGS:SIDE/WINDOW:CURTAIN,Toyota Motor Engineering & Manufacturing (Toyota) is recalling certain 2009-2015 Venza vehicles.  The Supplemental Restraint System (SRS) wiring may become damaged with regular use of the driver-side door.,2021-04-13,"Damaged wires may cause the air bag sensor to become inoperable, preventing the deployment of the side and curtain air bags on the driver side and increasing the risk of injury during a crash.","Dealers will inspect and, if necessary, replace the driver-side front door wire harness, free of charge.  Owner notification letters were mailed October 19, 2021.  Owners may contact Toyota customer service at 1-800-331-4331.  Toyota's number for this recall is 21TB01/21TA01.",Toyota Motor Engineering & Manufacturing,,toyota_venza_2012,19,26,21,6.0,3.5,Automatic (S6),Sport Utility Vehicle - 2WD,423.1904761904762,Regular,205,0.097,0.833,0.07,-0.2023
toyota,yaris,2012,19V741000,AIR BAGS:FRONTAL:PASSENGER SIDE:INFLATOR MODULE,"Toyota Motor Engineering & Manufacturing (Toyota) is recalling certain 2010-2016 4Runner, 2003-2006 Tundra, 2003-2013 Corolla, 2009-2010 Corolla Matrix, 2004-2005 RAV4, 2002-2007 Sequoia, 2011-2013 Sienna, 2008-2012 Scion xB, 2008-2009 Lexus IS-F, 2007-2012 Yaris and Lexus ES350, 2010-2017 Lexus GX460, 2002-2010 Lexus SC430, 2006-2012 Lexus IS250 and IS350 and 2010-2015 Lexus IS250C and IS350C vehicles.

These vehicles had their driver or passenger frontal air bag inflators previously replaced under a prior recall using inflators of the same design.  The inflators may explode due to propellant degradation occurring after long-term exposure to high absolute humidity, temperature and temperature cycling.",2019-10-17,An inflator explosion may result in sharp metal fragments striking the driver or other occupants resulting in serious injury or death.,"Toyota will notify owners.  Depending on the vehicle model, dealers will replace the front driver inflator, front passenger airbag inflator, the airbag assembly, or the front passenger airbag sub-assembly and inflator.  The recall began November 20, 2019.  Owners may contact Toyota customer service at 1-888-270-9371 or Lexus customer service at 1-800-255-3987.  Toyota's numbers for this recall are J0A, J0B, and J0C.  Lexus' numbers for this recall are JLI, JLJ, and JLK.",Toyota Motor Engineering & Manufacturing,EA15001,toyota_yaris_2012,29,34,31,4.0,1.5,Automatic 4-spd,Compact Cars,286.6774193548387,Regular,713,0.035,0.944,0.022,-0.3182
toyota,yaris,2012,19V741000,AIR BAGS:FRONTAL:PASSENGER SIDE:INFLATOR MODULE,"Toyota Motor Engineering & Manufacturing (Toyota) is recalling certain 2010-2016 4Runner, 2003-2006 Tundra, 2003-2013 Corolla, 2009-2010 Corolla Matrix, 2004-2005 RAV4, 2002-2007 Sequoia, 2011-2013 Sienna, 2008-2012 Scion xB, 2008-2009 Lexus IS-F, 2007-2012 Yaris and Lexus ES350, 2010-2017 Lexus GX460, 2002-2010 Lexus SC430, 2006-2012 Lexus IS250 and IS350 and 2010-2015 Lexus IS250C and IS350C vehicles.

These vehicles had their driver or passenger frontal air bag inflators previously replaced under a prior recall using inflators of the same design.  The inflators may explode due to propellant degradation occurring after long-term exposure to high absolute humidity, temperature and temperature cycling.",2019-10-17,An inflator explosion may result in sharp metal fragments striking the driver or other occupants resulting in serious injury or death.,"Toyota will notify owners.  Depending on the vehicle model, dealers will replace the front driver inflator, front passenger airbag inflator, the airbag assembly, or the front passenger airbag sub-assembly and inflator.  The recall began November 20, 2019.  Owners may contact Toyota customer service at 1-888-270-9371 or Lexus customer service at 1-800-255-3987.  Toyota's numbers for this recall are J0A, J0B, and J0C.  Lexus' numbers for this recall are JLI, JLJ, and JLK.",Toyota Motor Engineering & Manufacturing,EA15001,toyota_yaris_2012,30,36,33,4.0,1.5,Manual 5-spd,Compact Cars,269.3030303030303,Regular,713,0.035,0.944,0.022,-0.3182
toyota,yaris,2012,18V025000,AIR BAGS:FRONTAL:PASSENGER SIDE:INFLATOR MODULE,"On January 9, 2018, Toyota Motor Engineering & Manufacturing (Toyota) notified NHTSA that they are recalling 14,585 model year 2010-2012 Yaris vehicles ever registered in the states of Alaska, Arizona, Arkansas, Colorado, Connecticut, Delaware, District of Columbia, Idaho, Illinois, Indiana, Iowa, Kansas, Kentucky, Maine, Maryland, Massachusetts, Michigan, Minnesota, Missouri, Montana, Nebraska, Nevada, New Hampshire, New Jersey, New Mexico, New York, North Carolina, North Dakota, Ohio, Oklahoma, Oregon, Pennsylvania, Rhode Island, South Dakota, Tennessee, Utah, Vermont, Virginia, Washington, West Virginia, Wisconsin, and Wyoming.

As of January 30, 2018, Toyota is additionally recalling 3,347 model year 2010 Pontiac Vibe vehicles located in states listed above.  Also included in this recall filing is 98,194 model year 2003-2008 Toyota Corolla Matrix vehicles, located throughout the U.S., that previously received a like-for-like interim air bag inflator replacement.

These vehicles are equipped with certain air bag inflators assembled as part of the passenger frontal air bag modules used as original equipment or replacement equipment. In the event of a crash necessitating deployment of the passenger frontal air bag, these inflators may explode due to propellant degradation occurring after long-term exposure to absolute humidity and temperature cycling.",2018-01-09,An inflator explosion may result in sharp metal fragments striking the driver or other occupants resulting in serious injury or death.,"Toyota will notify owners, and dealers will replace the passenger frontal air bag assemblies with an alternate inflator, free of charge.  The recall began on January 29, 2018.  Owners may contact Toyota customer service at 1-800-331-4331.  Toyota's numbers for this recall are G0R (Zone B), and H0A (Zone C), J0A (Matrix Zone A), J0A (Matrix Zone A), J0A (Matrix Zone A).",Toyota Motor Engineering & Manufacturing,EA15001,toyota_yaris_2012,29,34,31,4.0,1.5,Automatic 4-spd,Compact Cars,286.6774193548387,Regular,1380,0.032,0.946,0.023,-0.4019
toyota,yaris,2012,18V025000,AIR BAGS:FRONTAL:PASSENGER SIDE:INFLATOR MODULE,"On January 9, 2018, Toyota Motor Engineering & Manufacturing (Toyota) notified NHTSA that they are recalling 14,585 model year 2010-2012 Yaris vehicles ever registered in the states of Alaska, Arizona, Arkansas, Colorado, Connecticut, Delaware, District of Columbia, Idaho, Illinois, Indiana, Iowa, Kansas, Kentucky, Maine, Maryland, Massachusetts, Michigan, Minnesota, Missouri, Montana, Nebraska, Nevada, New Hampshire, New Jersey, New Mexico, New York, North Carolina, North Dakota, Ohio, Oklahoma, Oregon, Pennsylvania, Rhode Island, South Dakota, Tennessee, Utah, Vermont, Virginia, Washington, West Virginia, Wisconsin, and Wyoming.

As of January 30, 2018, Toyota is additionally recalling 3,347 model year 2010 Pontiac Vibe vehicles located in states listed above.  Also included in this recall filing is 98,194 model year 2003-2008 Toyota Corolla Matrix vehicles, located throughout the U.S., that previously received a like-for-like interim air bag inflator replacement.

These vehicles are equipped with certain air bag inflators assembled as part of the passenger frontal air bag modules used as original equipment or replacement equipment. In the event of a crash necessitating deployment of the passenger frontal air bag, these inflators may explode due to propellant degradation occurring after long-term exposure to absolute humidity and temperature cycling.",2018-01-09,An inflator explosion may result in sharp metal fragments striking the driver or other occupants resulting in serious injury or death.,"Toyota will notify owners, and dealers will replace the passenger frontal air bag assemblies with an alternate inflator, free of charge.  The recall began on January 29, 2018.  Owners may contact Toyota customer service at 1-800-331-4331.  Toyota's numbers for this recall are G0R (Zone B), and H0A (Zone C), J0A (Matrix Zone A), J0A (Matrix Zone A), J0A (Matrix Zone A).",Toyota Motor Engineering & Manufacturing,EA15001,toyota_yaris_2012,30,36,33,4.0,1.5,Manual 5-spd,Compact Cars,269.3030303030303,Regular,1380,0.032,0.946,0.023,-0.4019
toyota,yaris,2012,17V006000,AIR BAGS:FRONTAL:PASSENGER SIDE:INFLATOR MODULE,"Toyota Motor Engineering & Manufacturing (Toyota) is recalling certain 2012 Toyota 4Runner, Corolla, Corolla Matrix, Sienna, Yaris, Scion xB, Lexus ES350, GX460, IS-F, IS250, IS350, IS250C, IS350C, and Lexus LFA vehicles originally sold, or ever registered, in Alabama, California, Florida, Georgia, Hawaii, Louisiana, Mississippi, South Carolina, Texas, Puerto Rico, American Samoa, Guam, the Northern Mariana Islands (Saipan), and the U.S. Virgin Islands, or ""Zone A.""

Additionally, unless included in ""Zone A"" above, Toyota is recalling certain 2009 Toyota Corolla, Corolla Matrix, Yaris, Yaris HB, Scion xB, Pontiac Vibe, Lexus, ES350, IS250, IS350, and IS-F vehicles originally sold, or ever registered, in Arizona, Arkansas, Delaware, District of Columbia, Illinois, Indiana, Kansas, Kentucky, Maryland, Missouri, Nebraska, Nevada, New Jersey, New Mexico, North Carolina, Ohio, Oklahoma, Pennsylvania, Tennessee, Virginia, and West Virginia, or ""Zone B.""

Additionally, unless included in ""Zone A"" or ""Zone B"" above, Toyota is recalling certain 2006-2008 Lexus IS250 and IS350, 2007-2008 Lexus ES350, Toyota Yaris, Yaris HB, and 2008 Lexus IS-F and Scion xB vehicles originally sold, or ever registered in Alaska, Colorado, Connecticut, Idaho, Iowa, Maine, Massachusetts, Michigan, Minnesota, Montana, New Hampshire, New York, North Dakota, Oregon, Rhode Island, South Dakota, Utah, Vermont, Washington, Wisconsin and Wyoming.

These vehicles are equipped with certain air bag inflators assembled as part of the passenger frontal air bag modules used as original equipment or replacement equipment.  In the event of a crash necessitating deployment of the passenger frontal air bag, these inflators may rupture due to propellant degradation occurring after long-term exposure to absolute humidity and temperature cycling.",2017-01-09,An inflator rupture may result in metal fragments striking the vehicle occupants resulting in serious injury or death.,"Toyota will notify the Toyota, Scion and Lexus owners.  General Motors will contact the Pontiac owners.  Depending on the model, dealers will replace the passenger frontal air bag inflator or the air bag assembly, free of charge.  The recall began on February 1, 2017.  Owners may contact Toyota customer service at 1-800-331-4331, or Pontiac customer service at 1-800-762-2737.  Toyota's numbers for final remedy for this campaign are G0P (Toyota Zone A), G0R (Toyota Zone B), H0A (Toyota Zone C), GLG (Lexus Zone A), GLH (Lexus Zone B) and HLA (Lexus Zone C).",Toyota Motor Engineering & Manufacturing,EA15001,toyota_yaris_2012,29,34,31,4.0,1.5,Automatic 4-spd,Compact Cars,286.6774193548387,Regular,1834,0.023,0.937,0.04,0.3818
toyota,yaris,2012,17V006000,AIR BAGS:FRONTAL:PASSENGER SIDE:INFLATOR MODULE,"Toyota Motor Engineering & Manufacturing (Toyota) is recalling certain 2012 Toyota 4Runner, Corolla, Corolla Matrix, Sienna, Yaris, Scion xB, Lexus ES350, GX460, IS-F, IS250, IS350, IS250C, IS350C, and Lexus LFA vehicles originally sold, or ever registered, in Alabama, California, Florida, Georgia, Hawaii, Louisiana, Mississippi, South Carolina, Texas, Puerto Rico, American Samoa, Guam, the Northern Mariana Islands (Saipan), and the U.S. Virgin Islands, or ""Zone A.""

Additionally, unless included in ""Zone A"" above, Toyota is recalling certain 2009 Toyota Corolla, Corolla Matrix, Yaris, Yaris HB, Scion xB, Pontiac Vibe, Lexus, ES350, IS250, IS350, and IS-F vehicles originally sold, or ever registered, in Arizona, Arkansas, Delaware, District of Columbia, Illinois, Indiana, Kansas, Kentucky, Maryland, Missouri, Nebraska, Nevada, New Jersey, New Mexico, North Carolina, Ohio, Oklahoma, Pennsylvania, Tennessee, Virginia, and West Virginia, or ""Zone B.""

Additionally, unless included in ""Zone A"" or ""Zone B"" above, Toyota is recalling certain 2006-2008 Lexus IS250 and IS350, 2007-2008 Lexus ES350, Toyota Yaris, Yaris HB, and 2008 Lexus IS-F and Scion xB vehicles originally sold, or ever registered in Alaska, Colorado, Connecticut, Idaho, Iowa, Maine, Massachusetts, Michigan, Minnesota, Montana, New Hampshire, New York, North Dakota, Oregon, Rhode Island, South Dakota, Utah, Vermont, Washington, Wisconsin and Wyoming.

These vehicles are equipped with certain air bag inflators assembled as part of the passenger frontal air bag modules used as original equipment or replacement equipment.  In the event of a crash necessitating deployment of the passenger frontal air bag, these inflators may rupture due to propellant degradation occurring after long-term exposure to absolute humidity and temperature cycling.",2017-01-09,An inflator rupture may result in metal fragments striking the vehicle occupants resulting in serious injury or death.,"Toyota will notify the Toyota, Scion and Lexus owners.  General Motors will contact the Pontiac owners.  Depending on the model, dealers will replace the passenger frontal air bag inflator or the air bag assembly, free of charge.  The recall began on February 1, 2017.  Owners may contact Toyota customer service at 1-800-331-4331, or Pontiac customer service at 1-800-762-2737.  Toyota's numbers for final remedy for this campaign are G0P (Toyota Zone A), G0R (Toyota Zone B), H0A (Toyota Zone C), GLG (Lexus Zone A), GLH (Lexus Zone B) and HLA (Lexus Zone C).",Toyota Motor Engineering & Manufacturing,EA15001,toyota_yaris_2012,30,36,33,4.0,1.5,Manual 5-spd,Compact Cars,269.3030303030303,Regular,1834,0.023,0.937,0.04,0.3818
toyota,yaris,2012,15V134000,STRUCTURE,"Toyota Motor Engineering & Manufacturing (Toyota) is recalling certain model year 2012-2015 Yaris vehicles manufactured August 31, 2011, to February 9, 2015, and sold or registered in Puerto Rico. The affected vehicles may have been manufactured with a roof headliner that does not provide the proper occupant protection in the event of a crash.  As such, these vehicles fail to comply with the requirements of Federal Motor Vehicle Safety Standard (FMVSS) No. 201, "" Occupant Protection in Interior Impact.""",2015-03-09,"If the vehicles are equipped with a headliner that does not meet the impact requirements, there is an increased risk of occupantl injury in the event of a crash.","Toyota will notify owners, and dealers will replace the headliner, free of charge. The recall began on June 22, 2015.  Owners may contact Toyota customer service at 1-800-331-4331.",Toyota Motor Engineering & Manufacturing,,toyota_yaris_2012,29,34,31,4.0,1.5,Automatic 4-spd,Compact Cars,286.6774193548387,Regular,508,0.119,0.822,0.058,-0.6249
toyota,yaris,2012,15V134000,STRUCTURE,"Toyota Motor Engineering & Manufacturing (Toyota) is recalling certain model year 2012-2015 Yaris vehicles manufactured August 31, 2011, to February 9, 2015, and sold or registered in Puerto Rico. The affected vehicles may have been manufactured with a roof headliner that does not provide the proper occupant protection in the event of a crash.  As such, these vehicles fail to comply with the requirements of Federal Motor Vehicle Safety Standard (FMVSS) No. 201, "" Occupant Protection in Interior Impact.""",2015-03-09,"If the vehicles are equipped with a headliner that does not meet the impact requirements, there is an increased risk of occupantl injury in the event of a crash.","Toyota will notify owners, and dealers will replace the headliner, free of charge. The recall began on June 22, 2015.  Owners may contact Toyota customer service at 1-800-331-4331.",Toyota Motor Engineering & Manufacturing,,toyota_yaris_2012,30,36,33,4.0,1.5,Manual 5-spd,Compact Cars,269.3030303030303,Regular,508,0.119,0.822,0.058,-0.6249
toyota,yaris,2012,13V292000,STEERING:ELECTRIC POWER ASSIST SYSTEM,"Toyota is recalling certain model year 2012 Yaris vehicles manufactured August 21, 2011, through August 31, 2011.  A relay in the Power Steering Control Module of the electronic power steering system could experience a short circuit due to insufficient distance between terminals in the relay and moisture contamination of relay coil windings.  A short circuit in the relay could disable power steering assistance.",2013-07-03,"If the power steering assistance shuts off, the driver may have difficulty steering the vehicle at low speeds, increasing the risk of a crash.","Toyota will notify owners, and dealers will replace the power steering control module.  The recall began on July 31, 2013.  Owners may contact Toyota at 1-800-331-4331.",Toyota Motor Engineering & Manufacturing,,toyota_yaris_2012,29,34,31,4.0,1.5,Automatic 4-spd,Compact Cars,286.6774193548387,Regular,414,0.0,0.966,0.034,0.2732
toyota,yaris,2012,13V292000,STEERING:ELECTRIC POWER ASSIST SYSTEM,"Toyota is recalling certain model year 2012 Yaris vehicles manufactured August 21, 2011, through August 31, 2011.  A relay in the Power Steering Control Module of the electronic power steering system could experience a short circuit due to insufficient distance between terminals in the relay and moisture contamination of relay coil windings.  A short circuit in the relay could disable power steering assistance.",2013-07-03,"If the power steering assistance shuts off, the driver may have difficulty steering the vehicle at low speeds, increasing the risk of a crash.","Toyota will notify owners, and dealers will replace the power steering control module.  The recall began on July 31, 2013.  Owners may contact Toyota at 1-800-331-4331.",Toyota Motor Engineering & Manufacturing,,toyota_yaris_2012,30,36,33,4.0,1.5,Manual 5-spd,Compact Cars,269.3030303030303,Regular,414,0.0,0.966,0.034,0.2732
toyota,avalon,2013,15V728000,FORWARD COLLISION AVOIDANCE: CRASH IMMINENT BRAKING,"Toyota Motor Engineering & Manufacturing (Toyota) is recalling certain model year 2013-2015 Avalon and Avalon Hybrid vehicles manufactured October 19, 2012 to October 27, 2015 and 2013-2015 Lexus ES350 and ES300h vehicles manufactured June 18, 2012 to July 6, 2015.  The affected vehicles are equipped with a Pre-Collision System (PCS) as optional equipment.  In these vehicles, the PCS may unexpectedly activate and apply the brakes when the radar detects a steel joint or plate in the roadway as an object.",2015-11-03,A vehicle that unexpectedly brakes increases the risk of a crash.,"Toyota will notify owners, and dealers will replace certain PCS components, free of charge.  The recall began on July 28, 2016.  Owners may contact Toyota at 1-888-270-9371.  Toyota's numbers for this campaign are F1V and F2E.",Toyota Motor Engineering & Manufacturing,,toyota_avalon_2013,21,30,24,6.0,3.5,Automatic (S6),Midsize Cars,365.0,Regular,508,0.02,0.953,0.027,0.128
toyota,avalon,2013,15V728000,FORWARD COLLISION AVOIDANCE: CRASH IMMINENT BRAKING,"Toyota Motor Engineering & Manufacturing (Toyota) is recalling certain model year 2013-2015 Avalon and Avalon Hybrid vehicles manufactured October 19, 2012 to October 27, 2015 and 2013-2015 Lexus ES350 and ES300h vehicles manufactured June 18, 2012 to July 6, 2015.  The affected vehicles are equipped with a Pre-Collision System (PCS) as optional equipment.  In these vehicles, the PCS may unexpectedly activate and apply the brakes when the radar detects a steel joint or plate in the roadway as an object.",2015-11-03,A vehicle that unexpectedly brakes increases the risk of a crash.,"Toyota will notify owners, and dealers will replace certain PCS components, free of charge.  The recall began on July 28, 2016.  Owners may contact Toyota at 1-888-270-9371.  Toyota's numbers for this campaign are F1V and F2E.",Toyota Motor Engineering & Manufacturing,,toyota_avalon_2013,21,30,25,6.0,3.5,Automatic (S6),Midsize Cars,361.0,Regular,508,0.02,0.953,0.027,0.128
toyota,avalon,2013,13V505000,VISIBILITY:WINDSHIELD WIPER/WASHER:SWITCH/WIRING,"Toyota Motor Engineering & manufacturing North America, Inc. (Toyota) is recalling certain model year 2013-2014 Camry and Camry HV, model year 2013 Avalon and Avalon HV and model year 2014 Corolla vehicles.  In the affected vehicles, the windshield wiper switch assembly may short circuit.  As such, these vehicles fail to conform to the requirements of Federal Motor Vehicle Safety Standard, No. 104, ""Windshield Wiping and Washing Systems.""",2013-10-17,"A short circuit could cause inoperative windshield wipers, reducing driver visibility and increasing the risk of a crash.","Toyota will notify owners, and dealers will replace the wiper switch assembly, free of charge.  The recall began on November 8, 2013.  Owners may contact Toyota at 1-800-331-4331.",Toyota Motor Engineering & Manufacturing,,toyota_avalon_2013,21,30,24,6.0,3.5,Automatic (S6),Midsize Cars,365.0,Regular,442,0.1,0.833,0.067,-0.34
toyota,avalon,2013,13V505000,VISIBILITY:WINDSHIELD WIPER/WASHER:SWITCH/WIRING,"Toyota Motor Engineering & manufacturing North America, Inc. (Toyota) is recalling certain model year 2013-2014 Camry and Camry HV, model year 2013 Avalon and Avalon HV and model year 2014 Corolla vehicles.  In the affected vehicles, the windshield wiper switch assembly may short circuit.  As such, these vehicles fail to conform to the requirements of Federal Motor Vehicle Safety Standard, No. 104, ""Windshield Wiping and Washing Systems.""",2013-10-17,"A short circuit could cause inoperative windshield wipers, reducing driver visibility and increasing the risk of a crash.","Toyota will notify owners, and dealers will replace the wiper switch assembly, free of charge.  The recall began on November 8, 2013.  Owners may contact Toyota at 1-800-331-4331.",Toyota Motor Engineering & Manufacturing,,toyota_avalon_2013,21,30,25,6.0,3.5,Automatic (S6),Midsize Cars,361.0,Regular,442,0.1,0.833,0.067,-0.34
toyota,avalon,2013,13V442000,ELECTRICAL SYSTEM,"Toyota is recalling certain model year 2012-2013 Avalon, Avalon HV, Venza, Camry, and Camry HV vehicles.  In the affected vehicles, the drain hose for the air conditioning condenser may become clogged causing water to accumulate at the bottom of the air conditioning condenser unit housing.  The accumulated water may then leak through a seam in the housing onto the air bag control module potentially resulting in a short circuit of the module.",2013-10-17,A short circuit may cause the air bags to become disabled or inadvertently deploy.  An inadvertent airbag deployment can increase the risk of injury or the possibility of a crash.  An inoperative airbag can increase the risk of injury in a severe crash.  The power steering assist could also become inoperable resulting in increased steering effort and can increase the risk of a crash at low speeds.,"Toyota will notify owners, and dealers will seal the air conditioning condenser unit housing and install a protective cover on the airbag control module, free of charge.  The recall began on February 5, 2014.  Owners may contact Toyota at 1-800-331-4331.",Toyota Motor Engineering & Manufacturing,,toyota_avalon_2013,21,30,24,6.0,3.5,Automatic (S6),Midsize Cars,365.0,Regular,445,0.055,0.917,0.029,-0.2263
toyota,avalon,2013,13V442000,ELECTRICAL SYSTEM,"Toyota is recalling certain model year 2012-2013 Avalon, Avalon HV, Venza, Camry, and Camry HV vehicles.  In the affected vehicles, the drain hose for the air conditioning condenser may become clogged causing water to accumulate at the bottom of the air conditioning condenser unit housing.  The accumulated water may then leak through a seam in the housing onto the air bag control module potentially resulting in a short circuit of the module.",2013-10-17,A short circuit may cause the air bags to become disabled or inadvertently deploy.  An inadvertent airbag deployment can increase the risk of injury or the possibility of a crash.  An inoperative airbag can increase the risk of injury in a severe crash.  The power steering assist could also become inoperable resulting in increased steering effort and can increase the risk of a crash at low speeds.,"Toyota will notify owners, and dealers will seal the air conditioning condenser unit housing and install a protective cover on the airbag control module, free of charge.  The recall began on February 5, 2014.  Owners may contact Toyota at 1-800-331-4331.",Toyota Motor Engineering & Manufacturing,,toyota_avalon_2013,21,30,25,6.0,3.5,Automatic (S6),Midsize Cars,361.0,Regular,445,0.055,0.917,0.029,-0.2263
toyota,avalon,2013,20V024000,AIR BAGS: AIR BAG/RESTRAINT CONTROL MODULE,"Toyota Motor Engineering & Manufacturing  (Toyota) is recalling certain 2011-2019 Corolla, 2011-2013 Matrix, 2012-2018 Avalon, and 2013-2018 Avalon Hybrid vehicles.  During certain crashes, the air bag electronic control unit (ECU) may malfunction, possibly disabling the deployment of the air bags and/or seat belt pretensioners.",2020-01-17,"In the event of a crash, air bags and/or seat belt pretensioners that do not deploy as intended may increase the risk of injury.","Toyota will notify owners, and dealers will inspect the ECU and install a noise filter between the air bag control module and its wire harness, as necessary, free of charge.  Owners were notified of the safety risk beginning March 2, 2020.  A second letter notifying owners of the remedy repair will be mailed between March 16, 2020 and June 27, 2020.  Owners may contact Toyota customer service at 1-888-270-9371.  Toyota's numbers for this recall are 20TB03, 20TA03 and 20TA05.",Toyota Motor Engineering & Manufacturing,EA19001,toyota_avalon_2013,21,30,24,6.0,3.5,Automatic (S6),Midsize Cars,365.0,Regular,330,0.066,0.846,0.089,0.0258
toyota,avalon,2013,20V024000,AIR BAGS: AIR BAG/RESTRAINT CONTROL MODULE,"Toyota Motor Engineering & Manufacturing  (Toyota) is recalling certain 2011-2019 Corolla, 2011-2013 Matrix, 2012-2018 Avalon, and 2013-2018 Avalon Hybrid vehicles.  During certain crashes, the air bag electronic control unit (ECU) may malfunction, possibly disabling the deployment of the air bags and/or seat belt pretensioners.",2020-01-17,"In the event of a crash, air bags and/or seat belt pretensioners that do not deploy as intended may increase the risk of injury.","Toyota will notify owners, and dealers will inspect the ECU and install a noise filter between the air bag control module and its wire harness, as necessary, free of charge.  Owners were notified of the safety risk beginning March 2, 2020.  A second letter notifying owners of the remedy repair will be mailed between March 16, 2020 and June 27, 2020.  Owners may contact Toyota customer service at 1-888-270-9371.  Toyota's numbers for this recall are 20TB03, 20TA03 and 20TA05.",Toyota Motor Engineering & Manufacturing,EA19001,toyota_avalon_2013,21,30,25,6.0,3.5,Automatic (S6),Midsize Cars,361.0,Regular,330,0.066,0.846,0.089,0.0258
toyota,avalonhybrid,2013,20V024000,AIR BAGS: AIR BAG/RESTRAINT CONTROL MODULE,"Toyota Motor Engineering & Manufacturing  (Toyota) is recalling certain 2011-2019 Corolla, 2011-2013 Matrix, 2012-2018 Avalon, and 2013-2018 Avalon Hybrid vehicles.  During certain crashes, the air bag electronic control unit (ECU) may malfunction, possibly disabling the deployment of the air bags and/or seat belt pretensioners.",2020-01-17,"In the event of a crash, air bags and/or seat belt pretensioners that do not deploy as intended may increase the risk of injury.","Toyota will notify owners, and dealers will inspect the ECU and install a noise filter between the air bag control module and its wire harness, as necessary, free of charge.  Owners were notified of the safety risk beginning March 2, 2020.  A second letter notifying owners of the remedy repair will be mailed between March 16, 2020 and June 27, 2020.  Owners may contact Toyota customer service at 1-888-270-9371.  Toyota's numbers for this recall are 20TB03, 20TA03 and 20TA05.",Toyota Motor Engineering & Manufacturing,EA19001,toyota_avalonhybrid_2013,40,39,40,4.0,2.5,Automatic (AV-S6),Midsize Cars,224.0,Regular,330,0.066,0.846,0.089,0.0258
toyota,avalonhybrid,2013,15V728000,FORWARD COLLISION AVOIDANCE: CRASH IMMINENT BRAKING,"Toyota Motor Engineering & Manufacturing (Toyota) is recalling certain model year 2013-2015 Avalon and Avalon Hybrid vehicles manufactured October 19, 2012 to October 27, 2015 and 2013-2015 Lexus ES350 and ES300h vehicles manufactured June 18, 2012 to July 6, 2015.  The affected vehicles are equipped with a Pre-Collision System (PCS) as optional equipment.  In these vehicles, the PCS may unexpectedly activate and apply the brakes when the radar detects a steel joint or plate in the roadway as an object.",2015-11-03,A vehicle that unexpectedly brakes increases the risk of a crash.,"Toyota will notify owners, and dealers will replace certain PCS components, free of charge.  The recall began on July 28, 2016.  Owners may contact Toyota at 1-888-270-9371.  Toyota's numbers for this campaign are F1V and F2E.",Toyota Motor Engineering & Manufacturing,,toyota_avalonhybrid_2013,40,39,40,4.0,2.5,Automatic (AV-S6),Midsize Cars,224.0,Regular,508,0.02,0.953,0.027,0.128
toyota,avalonhybrid,2013,13V505000,VISIBILITY:WINDSHIELD WIPER/WASHER:SWITCH/WIRING,"Toyota Motor Engineering & manufacturing North America, Inc. (Toyota) is recalling certain model year 2013-2014 Camry and Camry HV, model year 2013 Avalon and Avalon HV and model year 2014 Corolla vehicles.  In the affected vehicles, the windshield wiper switch assembly may short circuit.  As such, these vehicles fail to conform to the requirements of Federal Motor Vehicle Safety Standard, No. 104, ""Windshield Wiping and Washing Systems.""",2013-10-17,"A short circuit could cause inoperative windshield wipers, reducing driver visibility and increasing the risk of a crash.","Toyota will notify owners, and dealers will replace the wiper switch assembly, free of charge.  The recall began on November 8, 2013.  Owners may contact Toyota at 1-800-331-4331.",Toyota Motor Engineering & Manufacturing,,toyota_avalonhybrid_2013,40,39,40,4.0,2.5,Automatic (AV-S6),Midsize Cars,224.0,Regular,442,0.1,0.833,0.067,-0.34
toyota,camry,2013,13V505000,VISIBILITY:WINDSHIELD WIPER/WASHER:SWITCH/WIRING,"Toyota Motor Engineering & manufacturing North America, Inc. (Toyota) is recalling certain model year 2013-2014 Camry and Camry HV, model year 2013 Avalon and Avalon HV and model year 2014 Corolla vehicles.  In the affected vehicles, the windshield wiper switch assembly may short circuit.  As such, these vehicles fail to conform to the requirements of Federal Motor Vehicle Safety Standard, No. 104, ""Windshield Wiping and Washing Systems.""",2013-10-17,"A short circuit could cause inoperative windshield wipers, reducing driver visibility and increasing the risk of a crash.","Toyota will notify owners, and dealers will replace the wiper switch assembly, free of charge.  The recall began on November 8, 2013.  Owners may contact Toyota at 1-800-331-4331.",Toyota Motor Engineering & Manufacturing,,toyota_camry_2013,25,34,28,4.0,2.5,Automatic (S6),Midsize Cars,316.0,Regular,442,0.1,0.833,0.067,-0.34
toyota,camry,2013,13V505000,VISIBILITY:WINDSHIELD WIPER/WASHER:SWITCH/WIRING,"Toyota Motor Engineering & manufacturing North America, Inc. (Toyota) is recalling certain model year 2013-2014 Camry and Camry HV, model year 2013 Avalon and Avalon HV and model year 2014 Corolla vehicles.  In the affected vehicles, the windshield wiper switch assembly may short circuit.  As such, these vehicles fail to conform to the requirements of Federal Motor Vehicle Safety Standard, No. 104, ""Windshield Wiping and Washing Systems.""",2013-10-17,"A short circuit could cause inoperative windshield wipers, reducing driver visibility and increasing the risk of a crash.","Toyota will notify owners, and dealers will replace the wiper switch assembly, free of charge.  The recall began on November 8, 2013.  Owners may contact Toyota at 1-800-331-4331.",Toyota Motor Engineering & Manufacturing,,toyota_camry_2013,21,30,25,6.0,3.5,Automatic (S6),Midsize Cars,361.0,Regular,442,0.1,0.833,0.067,-0.34
toyota,camry,2013,13V442000,ELECTRICAL SYSTEM,"Toyota is recalling certain model year 2012-2013 Avalon, Avalon HV, Venza, Camry, and Camry HV vehicles.  In the affected vehicles, the drain hose for the air conditioning condenser may become clogged causing water to accumulate at the bottom of the air conditioning condenser unit housing.  The accumulated water may then leak through a seam in the housing onto the air bag control module potentially resulting in a short circuit of the module.",2013-10-17,A short circuit may cause the air bags to become disabled or inadvertently deploy.  An inadvertent airbag deployment can increase the risk of injury or the possibility of a crash.  An inoperative airbag can increase the risk of injury in a severe crash.  The power steering assist could also become inoperable resulting in increased steering effort and can increase the risk of a crash at low speeds.,"Toyota will notify owners, and dealers will seal the air conditioning condenser unit housing and install a protective cover on the airbag control module, free of charge.  The recall began on February 5, 2014.  Owners may contact Toyota at 1-800-331-4331.",Toyota Motor Engineering & Manufacturing,,toyota_camry_2013,25,34,28,4.0,2.5,Automatic (S6),Midsize Cars,316.0,Regular,445,0.055,0.917,0.029,-0.2263
toyota,camry,2013,13V442000,ELECTRICAL SYSTEM,"Toyota is recalling certain model year 2012-2013 Avalon, Avalon HV, Venza, Camry, and Camry HV vehicles.  In the affected vehicles, the drain hose for the air conditioning condenser may become clogged causing water to accumulate at the bottom of the air conditioning condenser unit housing.  The accumulated water may then leak through a seam in the housing onto the air bag control module potentially resulting in a short circuit of the module.",2013-10-17,A short circuit may cause the air bags to become disabled or inadvertently deploy.  An inadvertent airbag deployment can increase the risk of injury or the possibility of a crash.  An inoperative airbag can increase the risk of injury in a severe crash.  The power steering assist could also become inoperable resulting in increased steering effort and can increase the risk of a crash at low speeds.,"Toyota will notify owners, and dealers will seal the air conditioning condenser unit housing and install a protective cover on the airbag control module, free of charge.  The recall began on February 5, 2014.  Owners may contact Toyota at 1-800-331-4331.",Toyota Motor Engineering & Manufacturing,,toyota_camry_2013,21,30,25,6.0,3.5,Automatic (S6),Midsize Cars,361.0,Regular,445,0.055,0.917,0.029,-0.2263
toyota,corolla,2013,19V005000,AIR BAGS:FRONTAL:PASSENGER SIDE:INFLATOR MODULE,"Toyota Motor Engineering & Manufacturing (Toyota) is recalling certain 2014-2016 Toyota 4Runner, 2014-2015 Scion xB, Lexus IS350C, IS250C, 2014 Toyota Sienna, Lexus IS-F, and 2014-2017 Lexus GX460 vehicles sold, or ever registered in the states of Alabama, California, Florida, Georgia, Hawaii, Louisiana, Mississippi, South Carolina, Texas, Puerto Rico, American Samoa, Guam, the Northern Mariana Islands (Saipan), and the U.S. Virgin Islands or ""Zone A.""   

Toyota is also recalling certain 2011-2013 Toyota Corolla, Corolla Matrix, Lexus IS250, IS350, 2011-2016 4Runner, 2011-2015 Scion xB, Lexus IS350C, IS250C, 2011-2014 Toyota Sienna, Lexus IS-F, 2011-2017 Lexus GX460, and 2011-2012 Lexus ES350 vehicles ever registered in the states of Arizona, Arkansas, Delaware, District of Columbia, Illinois, Indiana, Kansas, Kentucky, Maryland, Missouri, Nebraska, Nevada, New Jersey, New Mexico, North Carolina, Ohio, Oklahoma, Pennsylvania, Tennessee, Virginia, and West Virginia or ""Zone B.""  

Toyota is also recalling certain 2010-2013 Toyota Corolla, Corolla Matrix, Lexus IS350, 2010-2016 4Runner, 2010-2013 Lexus IS250, 2010-2015 Scion xB, Lexus IS350C, IS250C, 2010-2017 Lexus GX460, 2010-2014 Lexus IS-F, and 2010-2012 Lexus ES350 vehicles ever registered in the states of Alaska, Colorado, Connecticut, Idaho, Iowa, Maine, Massachusetts, Michigan, Minnesota, Montana, New Hampshire, New York, North Dakota, Oregon, Rhode Island, South Dakota, Utah, Vermont, Washington, Wisconsin, and Wyoming or ""Zone C.""   

These vehicles are equipped with air bag inflators assembled as part of the passenger frontal air bag modules, used as original equipment or replacement equipment (such as after a vehicle crash necessitating replacement of the original air bags), that may explode due to propellant degradation occurring after long-term exposure to high absolute humidity, temperature and temperature cycling.",2019-01-09,An inflator explosion may result in sharp metal fragments striking the driver or other occupants resulting in serious injury or death.,"Toyota will notify owners.  Depending on the vehicle model, dealers will replace the front passenger air bag inflator, or replace the air bag assembly.  The recall began February 15, 2019.  Owners may contact Toyota customer service at 1-800-331-4331. Toyota's numbers for this recall are ""Zone A"" Toyota: G0P, Lexus: GLG; ""Zone B"" Toyota: G0R, Lexus GLH; ""Zone C"" Toyota: H0A, and Lexus: HLA.",Toyota Motor Engineering & Manufacturing,EA15001,toyota_corolla_2013,26,33,29,4.0,1.8,Automatic 4-spd,Compact Cars,311.0,Regular,1917,0.023,0.937,0.04,0.4215
toyota,corolla,2013,19V005000,AIR BAGS:FRONTAL:PASSENGER SIDE:INFLATOR MODULE,"Toyota Motor Engineering & Manufacturing (Toyota) is recalling certain 2014-2016 Toyota 4Runner, 2014-2015 Scion xB, Lexus IS350C, IS250C, 2014 Toyota Sienna, Lexus IS-F, and 2014-2017 Lexus GX460 vehicles sold, or ever registered in the states of Alabama, California, Florida, Georgia, Hawaii, Louisiana, Mississippi, South Carolina, Texas, Puerto Rico, American Samoa, Guam, the Northern Mariana Islands (Saipan), and the U.S. Virgin Islands or ""Zone A.""   

Toyota is also recalling certain 2011-2013 Toyota Corolla, Corolla Matrix, Lexus IS250, IS350, 2011-2016 4Runner, 2011-2015 Scion xB, Lexus IS350C, IS250C, 2011-2014 Toyota Sienna, Lexus IS-F, 2011-2017 Lexus GX460, and 2011-2012 Lexus ES350 vehicles ever registered in the states of Arizona, Arkansas, Delaware, District of Columbia, Illinois, Indiana, Kansas, Kentucky, Maryland, Missouri, Nebraska, Nevada, New Jersey, New Mexico, North Carolina, Ohio, Oklahoma, Pennsylvania, Tennessee, Virginia, and West Virginia or ""Zone B.""  

Toyota is also recalling certain 2010-2013 Toyota Corolla, Corolla Matrix, Lexus IS350, 2010-2016 4Runner, 2010-2013 Lexus IS250, 2010-2015 Scion xB, Lexus IS350C, IS250C, 2010-2017 Lexus GX460, 2010-2014 Lexus IS-F, and 2010-2012 Lexus ES350 vehicles ever registered in the states of Alaska, Colorado, Connecticut, Idaho, Iowa, Maine, Massachusetts, Michigan, Minnesota, Montana, New Hampshire, New York, North Dakota, Oregon, Rhode Island, South Dakota, Utah, Vermont, Washington, Wisconsin, and Wyoming or ""Zone C.""   

These vehicles are equipped with air bag inflators assembled as part of the passenger frontal air bag modules, used as original equipment or replacement equipment (such as after a vehicle crash necessitating replacement of the original air bags), that may explode due to propellant degradation occurring after long-term exposure to high absolute humidity, temperature and temperature cycling.",2019-01-09,An inflator explosion may result in sharp metal fragments striking the driver or other occupants resulting in serious injury or death.,"Toyota will notify owners.  Depending on the vehicle model, dealers will replace the front passenger air bag inflator, or replace the air bag assembly.  The recall began February 15, 2019.  Owners may contact Toyota customer service at 1-800-331-4331. Toyota's numbers for this recall are ""Zone A"" Toyota: G0P, Lexus: GLG; ""Zone B"" Toyota: G0R, Lexus GLH; ""Zone C"" Toyota: H0A, and Lexus: HLA.",Toyota Motor Engineering & Manufacturing,EA15001,toyota_corolla_2013,27,33,29,4.0,1.8,Manual 5-spd,Compact Cars,301.0,Regular,1917,0.023,0.937,0.04,0.4215
toyota,corolla,2013,19V741000,AIR BAGS:FRONTAL:PASSENGER SIDE:INFLATOR MODULE,"Toyota Motor Engineering & Manufacturing (Toyota) is recalling certain 2010-2016 4Runner, 2003-2006 Tundra, 2003-2013 Corolla, 2009-2010 Corolla Matrix, 2004-2005 RAV4, 2002-2007 Sequoia, 2011-2013 Sienna, 2008-2012 Scion xB, 2008-2009 Lexus IS-F, 2007-2012 Yaris and Lexus ES350, 2010-2017 Lexus GX460, 2002-2010 Lexus SC430, 2006-2012 Lexus IS250 and IS350 and 2010-2015 Lexus IS250C and IS350C vehicles.

These vehicles had their driver or passenger frontal air bag inflators previously replaced under a prior recall using inflators of the same design.  The inflators may explode due to propellant degradation occurring after long-term exposure to high absolute humidity, temperature and temperature cycling.",2019-10-17,An inflator explosion may result in sharp metal fragments striking the driver or other occupants resulting in serious injury or death.,"Toyota will notify owners.  Depending on the vehicle model, dealers will replace the front driver inflator, front passenger airbag inflator, the airbag assembly, or the front passenger airbag sub-assembly and inflator.  The recall began November 20, 2019.  Owners may contact Toyota customer service at 1-888-270-9371 or Lexus customer service at 1-800-255-3987.  Toyota's numbers for this recall are J0A, J0B, and J0C.  Lexus' numbers for this recall are JLI, JLJ, and JLK.",Toyota Motor Engineering & Manufacturing,EA15001,toyota_corolla_2013,26,33,29,4.0,1.8,Automatic 4-spd,Compact Cars,311.0,Regular,713,0.035,0.944,0.022,-0.3182
toyota,corolla,2013,19V741000,AIR BAGS:FRONTAL:PASSENGER SIDE:INFLATOR MODULE,"Toyota Motor Engineering & Manufacturing (Toyota) is recalling certain 2010-2016 4Runner, 2003-2006 Tundra, 2003-2013 Corolla, 2009-2010 Corolla Matrix, 2004-2005 RAV4, 2002-2007 Sequoia, 2011-2013 Sienna, 2008-2012 Scion xB, 2008-2009 Lexus IS-F, 2007-2012 Yaris and Lexus ES350, 2010-2017 Lexus GX460, 2002-2010 Lexus SC430, 2006-2012 Lexus IS250 and IS350 and 2010-2015 Lexus IS250C and IS350C vehicles.

These vehicles had their driver or passenger frontal air bag inflators previously replaced under a prior recall using inflators of the same design.  The inflators may explode due to propellant degradation occurring after long-term exposure to high absolute humidity, temperature and temperature cycling.",2019-10-17,An inflator explosion may result in sharp metal fragments striking the driver or other occupants resulting in serious injury or death.,"Toyota will notify owners.  Depending on the vehicle model, dealers will replace the front driver inflator, front passenger airbag inflator, the airbag assembly, or the front passenger airbag sub-assembly and inflator.  The recall began November 20, 2019.  Owners may contact Toyota customer service at 1-888-270-9371 or Lexus customer service at 1-800-255-3987.  Toyota's numbers for this recall are J0A, J0B, and J0C.  Lexus' numbers for this recall are JLI, JLJ, and JLK.",Toyota Motor Engineering & Manufacturing,EA15001,toyota_corolla_2013,27,33,29,4.0,1.8,Manual 5-spd,Compact Cars,301.0,Regular,713,0.035,0.944,0.022,-0.3182
toyota,corolla,2013,18V024000,AIR BAGS:FRONTAL:PASSENGER SIDE:INFLATOR MODULE,"Toyota Motor Engineering & Manufacturing (Toyota) is recalling certain 2013 Scion xB, Toyota Corolla, Corolla Matrix, Sienna, 4Runner, Lexus IS250, IS350, IS250C, IS350C, IS-F, and GX460 vehicles sold, ever registered, in the states of AL, CA, FL, GA, HI, LA, MS, SC, TX, PR, AS, GU, the MP (Saipan), and the U.S. VI or ""Zone A.""

Toyota is also recalling certain 2010 Scion xB, Toyota Corolla, Corolla Matrix, Yaris, 4Runner, Lexus IS250, IS350, IS250C, IS350C, ES350, IS-F, GX460, and Pontiac Vibe vehicles sold, ever registered, in the states of AZ, AR, DE, DC, IL, IN, KS, KY, MD, MO, NE, NV, NJ, NM, NC, OH, OK, PA, TN, VA, and WV or ""Zone B.""

Toyota is also recalling certain 2009 Scion xB, Toyota Corolla, Corolla Matrix, Yaris, Lexus IS250, IS350, ES350, IS-F, and Pontiac Vibe vehicles ever registered in the states of AK, CO, CT, ID, IA, ME, MA, MI, MN, MT, NH, NY, ND, OR, RI, SD, UT, VT, WA, WI, and WY or ""Zone C.""

These vehicles are equipped with certain air bag inflators assembled as part of the passenger frontal air bag modules used as original equipment or replacement equipment. In the event of a crash necessitating deployment of the passenger frontal air bag, these inflators may explode due to propellant degradation occurring after long-term exposure to absolute humidity and temperature cycling.",2018-01-09,An inflator explosion may result in sharp metal fragments striking the driver or other occupants resulting in serious injury or death.,"Toyota will notify the Toyota, Scion and Lexus owners.  General Motors will contact the Pontiac owners.  Depending on the vehicle model, dealers will replace the front passenger air bag inflator, or replace the air bag assembly.  The recall began on January 29, 2018.  Owners may contact Toyota customer service at 1-800-331-4331, or Pontiac customer service at 1-800-762-2737.  Toyota's numbers for this recall are ""Zone A"" Toyota: G0P, Lexus: GLG; ""Zone B"" Toyota: G0R, Lexus GLH; ""Zone C"" Toyota: H0A, and Lexus: HLA.",Toyota Motor Engineering & Manufacturing,EA15001,toyota_corolla_2013,26,33,29,4.0,1.8,Automatic 4-spd,Compact Cars,311.0,Regular,1328,0.025,0.888,0.087,0.9135
toyota,corolla,2013,18V024000,AIR BAGS:FRONTAL:PASSENGER SIDE:INFLATOR MODULE,"Toyota Motor Engineering & Manufacturing (Toyota) is recalling certain 2013 Scion xB, Toyota Corolla, Corolla Matrix, Sienna, 4Runner, Lexus IS250, IS350, IS250C, IS350C, IS-F, and GX460 vehicles sold, ever registered, in the states of AL, CA, FL, GA, HI, LA, MS, SC, TX, PR, AS, GU, the MP (Saipan), and the U.S. VI or ""Zone A.""

Toyota is also recalling certain 2010 Scion xB, Toyota Corolla, Corolla Matrix, Yaris, 4Runner, Lexus IS250, IS350, IS250C, IS350C, ES350, IS-F, GX460, and Pontiac Vibe vehicles sold, ever registered, in the states of AZ, AR, DE, DC, IL, IN, KS, KY, MD, MO, NE, NV, NJ, NM, NC, OH, OK, PA, TN, VA, and WV or ""Zone B.""

Toyota is also recalling certain 2009 Scion xB, Toyota Corolla, Corolla Matrix, Yaris, Lexus IS250, IS350, ES350, IS-F, and Pontiac Vibe vehicles ever registered in the states of AK, CO, CT, ID, IA, ME, MA, MI, MN, MT, NH, NY, ND, OR, RI, SD, UT, VT, WA, WI, and WY or ""Zone C.""

These vehicles are equipped with certain air bag inflators assembled as part of the passenger frontal air bag modules used as original equipment or replacement equipment. In the event of a crash necessitating deployment of the passenger frontal air bag, these inflators may explode due to propellant degradation occurring after long-term exposure to absolute humidity and temperature cycling.",2018-01-09,An inflator explosion may result in sharp metal fragments striking the driver or other occupants resulting in serious injury or death.,"Toyota will notify the Toyota, Scion and Lexus owners.  General Motors will contact the Pontiac owners.  Depending on the vehicle model, dealers will replace the front passenger air bag inflator, or replace the air bag assembly.  The recall began on January 29, 2018.  Owners may contact Toyota customer service at 1-800-331-4331, or Pontiac customer service at 1-800-762-2737.  Toyota's numbers for this recall are ""Zone A"" Toyota: G0P, Lexus: GLG; ""Zone B"" Toyota: G0R, Lexus GLH; ""Zone C"" Toyota: H0A, and Lexus: HLA.",Toyota Motor Engineering & Manufacturing,EA15001,toyota_corolla_2013,27,33,29,4.0,1.8,Manual 5-spd,Compact Cars,301.0,Regular,1328,0.025,0.888,0.087,0.9135
toyota,corolla,2013,13V014000,AIR BAGS:FRONTAL:SENSOR/CONTROL MODULE-INACTIVE,"Southeast Toyota Distributors, LLC (SET) is recalling certain models interspersed through model years 2009 through 2013 as follows: model year 2009-2012 Tacoma, 4Runner, Camry, Camry Hybrid, Prius, and RAV4; model year 2009-2010 Avalon, FJ Cruiser, and Highlander Hybrid; model year 2010-2013 model year Corolla, Sienna and Tundra; model year 2009-2013 Highlander and Venza; model year 2012 Prius V; and model year 2010-2012 Sequoia.  During modification by SET to include accessories such as leather seat covers, seat heaters or headrest DVD systems, these vehicles may not have had the passenger seat occupant sensing system calibration tested.  Without passing the calibration test, the occupant sensing system may not operate as designed.",2013-01-16,"If the front passenger seat occupant sensing system is out of calibration, the front passenger airbags may not deploy or they may deploy inappropriately for the passenger's size and position.  This could increase the risk of personal injury during the event of a vehicle crash necessitating airbag deployment.","Southeast Toyota will notify owners, and dealers will test the sensitivity of the occupant detection sensors, and recalibrate them as necessary.  The recall began on March 21, 2013.  Owners may contact Southeast Toyota at 1-800-301-6859.","Southeast Toyota Distributors, LLC",,toyota_corolla_2013,26,33,29,4.0,1.8,Automatic 4-spd,Compact Cars,311.0,Regular,742,0.0,0.981,0.019,0.2732
toyota,corolla,2013,13V014000,AIR BAGS:FRONTAL:SENSOR/CONTROL MODULE-INACTIVE,"Southeast Toyota Distributors, LLC (SET) is recalling certain models interspersed through model years 2009 through 2013 as follows: model year 2009-2012 Tacoma, 4Runner, Camry, Camry Hybrid, Prius, and RAV4; model year 2009-2010 Avalon, FJ Cruiser, and Highlander Hybrid; model year 2010-2013 model year Corolla, Sienna and Tundra; model year 2009-2013 Highlander and Venza; model year 2012 Prius V; and model year 2010-2012 Sequoia.  During modification by SET to include accessories such as leather seat covers, seat heaters or headrest DVD systems, these vehicles may not have had the passenger seat occupant sensing system calibration tested.  Without passing the calibration test, the occupant sensing system may not operate as designed.",2013-01-16,"If the front passenger seat occupant sensing system is out of calibration, the front passenger airbags may not deploy or they may deploy inappropriately for the passenger's size and position.  This could increase the risk of personal injury during the event of a vehicle crash necessitating airbag deployment.","Southeast Toyota will notify owners, and dealers will test the sensitivity of the occupant detection sensors, and recalibrate them as necessary.  The recall began on March 21, 2013.  Owners may contact Southeast Toyota at 1-800-301-6859.","Southeast Toyota Distributors, LLC",,toyota_corolla_2013,27,33,29,4.0,1.8,Manual 5-spd,Compact Cars,301.0,Regular,742,0.0,0.981,0.019,0.2732
toyota,corolla,2013,20V024000,AIR BAGS: AIR BAG/RESTRAINT CONTROL MODULE,"Toyota Motor Engineering & Manufacturing  (Toyota) is recalling certain 2011-2019 Corolla, 2011-2013 Matrix, 2012-2018 Avalon, and 2013-2018 Avalon Hybrid vehicles.  During certain crashes, the air bag electronic control unit (ECU) may malfunction, possibly disabling the deployment of the air bags and/or seat belt pretensioners.",2020-01-17,"In the event of a crash, air bags and/or seat belt pretensioners that do not deploy as intended may increase the risk of injury.","Toyota will notify owners, and dealers will inspect the ECU and install a noise filter between the air bag control module and its wire harness, as necessary, free of charge.  Owners were notified of the safety risk beginning March 2, 2020.  A second letter notifying owners of the remedy repair will be mailed between March 16, 2020 and June 27, 2020.  Owners may contact Toyota customer service at 1-888-270-9371.  Toyota's numbers for this recall are 20TB03, 20TA03 and 20TA05.",Toyota Motor Engineering & Manufacturing,EA19001,toyota_corolla_2013,26,33,29,4.0,1.8,Automatic 4-spd,Compact Cars,311.0,Regular,330,0.066,0.846,0.089,0.0258
toyota,corolla,2013,20V024000,AIR BAGS: AIR BAG/RESTRAINT CONTROL MODULE,"Toyota Motor Engineering & Manufacturing  (Toyota) is recalling certain 2011-2019 Corolla, 2011-2013 Matrix, 2012-2018 Avalon, and 2013-2018 Avalon Hybrid vehicles.  During certain crashes, the air bag electronic control unit (ECU) may malfunction, possibly disabling the deployment of the air bags and/or seat belt pretensioners.",2020-01-17,"In the event of a crash, air bags and/or seat belt pretensioners that do not deploy as intended may increase the risk of injury.","Toyota will notify owners, and dealers will inspect the ECU and install a noise filter between the air bag control module and its wire harness, as necessary, free of charge.  Owners were notified of the safety risk beginning March 2, 2020.  A second letter notifying owners of the remedy repair will be mailed between March 16, 2020 and June 27, 2020.  Owners may contact Toyota customer service at 1-888-270-9371.  Toyota's numbers for this recall are 20TB03, 20TA03 and 20TA05.",Toyota Motor Engineering & Manufacturing,EA19001,toyota_corolla_2013,27,33,29,4.0,1.8,Manual 5-spd,Compact Cars,301.0,Regular,330,0.066,0.846,0.089,0.0258
toyota,matrix,2013,20V024000,AIR BAGS: AIR BAG/RESTRAINT CONTROL MODULE,"Toyota Motor Engineering & Manufacturing  (Toyota) is recalling certain 2011-2019 Corolla, 2011-2013 Matrix, 2012-2018 Avalon, and 2013-2018 Avalon Hybrid vehicles.  During certain crashes, the air bag electronic control unit (ECU) may malfunction, possibly disabling the deployment of the air bags and/or seat belt pretensioners.",2020-01-17,"In the event of a crash, air bags and/or seat belt pretensioners that do not deploy as intended may increase the risk of injury.","Toyota will notify owners, and dealers will inspect the ECU and install a noise filter between the air bag control module and its wire harness, as necessary, free of charge.  Owners were notified of the safety risk beginning March 2, 2020.  A second letter notifying owners of the remedy repair will be mailed between March 16, 2020 and June 27, 2020.  Owners may contact Toyota customer service at 1-888-270-9371.  Toyota's numbers for this recall are 20TB03, 20TA03 and 20TA05.",Toyota Motor Engineering & Manufacturing,EA19001,toyota_matrix_2013,25,31,27,4.0,1.8,Automatic 4-spd,Small Station Wagons,326.0,Regular,330,0.066,0.846,0.089,0.0258
toyota,matrix,2013,20V024000,AIR BAGS: AIR BAG/RESTRAINT CONTROL MODULE,"Toyota Motor Engineering & Manufacturing  (Toyota) is recalling certain 2011-2019 Corolla, 2011-2013 Matrix, 2012-2018 Avalon, and 2013-2018 Avalon Hybrid vehicles.  During certain crashes, the air bag electronic control unit (ECU) may malfunction, possibly disabling the deployment of the air bags and/or seat belt pretensioners.",2020-01-17,"In the event of a crash, air bags and/or seat belt pretensioners that do not deploy as intended may increase the risk of injury.","Toyota will notify owners, and dealers will inspect the ECU and install a noise filter between the air bag control module and its wire harness, as necessary, free of charge.  Owners were notified of the safety risk beginning March 2, 2020.  A second letter notifying owners of the remedy repair will be mailed between March 16, 2020 and June 27, 2020.  Owners may contact Toyota customer service at 1-888-270-9371.  Toyota's numbers for this recall are 20TB03, 20TA03 and 20TA05.",Toyota Motor Engineering & Manufacturing,EA19001,toyota_matrix_2013,26,32,29,4.0,1.8,Manual 5-spd,Small Station Wagons,310.0,Regular,330,0.066,0.846,0.089,0.0258
toyota,matrix,2013,20V024000,AIR BAGS: AIR BAG/RESTRAINT CONTROL MODULE,"Toyota Motor Engineering & Manufacturing  (Toyota) is recalling certain 2011-2019 Corolla, 2011-2013 Matrix, 2012-2018 Avalon, and 2013-2018 Avalon Hybrid vehicles.  During certain crashes, the air bag electronic control unit (ECU) may malfunction, possibly disabling the deployment of the air bags and/or seat belt pretensioners.",2020-01-17,"In the event of a crash, air bags and/or seat belt pretensioners that do not deploy as intended may increase the risk of injury.","Toyota will notify owners, and dealers will inspect the ECU and install a noise filter between the air bag control module and its wire harness, as necessary, free of charge.  Owners were notified of the safety risk beginning March 2, 2020.  A second letter notifying owners of the remedy repair will be mailed between March 16, 2020 and June 27, 2020.  Owners may contact Toyota customer service at 1-888-270-9371.  Toyota's numbers for this recall are 20TB03, 20TA03 and 20TA05.",Toyota Motor Engineering & Manufacturing,EA19001,toyota_matrix_2013,20,26,22,4.0,2.4,Automatic 4-spd,Small Station Wagons,395.0,Regular,330,0.066,0.846,0.089,0.0258
toyota,matrix,2013,20V024000,AIR BAGS: AIR BAG/RESTRAINT CONTROL MODULE,"Toyota Motor Engineering & Manufacturing  (Toyota) is recalling certain 2011-2019 Corolla, 2011-2013 Matrix, 2012-2018 Avalon, and 2013-2018 Avalon Hybrid vehicles.  During certain crashes, the air bag electronic control unit (ECU) may malfunction, possibly disabling the deployment of the air bags and/or seat belt pretensioners.",2020-01-17,"In the event of a crash, air bags and/or seat belt pretensioners that do not deploy as intended may increase the risk of injury.","Toyota will notify owners, and dealers will inspect the ECU and install a noise filter between the air bag control module and its wire harness, as necessary, free of charge.  Owners were notified of the safety risk beginning March 2, 2020.  A second letter notifying owners of the remedy repair will be mailed between March 16, 2020 and June 27, 2020.  Owners may contact Toyota customer service at 1-888-270-9371.  Toyota's numbers for this recall are 20TB03, 20TA03 and 20TA05.",Toyota Motor Engineering & Manufacturing,EA19001,toyota_matrix_2013,21,28,24,4.0,2.4,Manual 5-spd,Small Station Wagons,371.0,Regular,330,0.066,0.846,0.089,0.0258
toyota,matrix,2013,20V024000,AIR BAGS: AIR BAG/RESTRAINT CONTROL MODULE,"Toyota Motor Engineering & Manufacturing  (Toyota) is recalling certain 2011-2019 Corolla, 2011-2013 Matrix, 2012-2018 Avalon, and 2013-2018 Avalon Hybrid vehicles.  During certain crashes, the air bag electronic control unit (ECU) may malfunction, possibly disabling the deployment of the air bags and/or seat belt pretensioners.",2020-01-17,"In the event of a crash, air bags and/or seat belt pretensioners that do not deploy as intended may increase the risk of injury.","Toyota will notify owners, and dealers will inspect the ECU and install a noise filter between the air bag control module and its wire harness, as necessary, free of charge.  Owners were notified of the safety risk beginning March 2, 2020.  A second letter notifying owners of the remedy repair will be mailed between March 16, 2020 and June 27, 2020.  Owners may contact Toyota customer service at 1-888-270-9371.  Toyota's numbers for this recall are 20TB03, 20TA03 and 20TA05.",Toyota Motor Engineering & Manufacturing,EA19001,toyota_matrix_2013,21,28,24,4.0,2.4,Automatic (S5),Small Station Wagons,370.0,Regular,330,0.066,0.846,0.089,0.0258
toyota,prius,2013,18V684000,HYBRID PROPULSION SYSTEM,"Toyota Motor Engineering & Manufacturing (Toyota) is recalling certain 2010-2014 Toyota Prius and 2012-2014 Toyota Prius V vehicles.  Excessive voltage in the Intelligent Power Module (IPM) within the inverter may cause the hybrid system to shut down, causing the vehicle to stall while being driven.",2018-10-04,"If the hybrid system shuts down unexpectedly, it can increase the risk of a crash.","Toyota will notify owners, and dealers will update the software for the motor/generator control electronic control unit (ECU) and the hybrid control ECU as necessary, free of charge.  The recall began January 22, 2019.  Owners may contact Toyota customer service at 1-888-270-9371.  Toyota's number for this recall is J0V.  Note: The software updates in this recall are needed even if the vehicle had the software previously updated under recalls 14V-053 or 15V-449.",Toyota Motor Engineering & Manufacturing,,toyota_prius_2013,49,46,48,4.0,1.8,Automatic (variable gear ratios),Midsize Cars,186.0,Regular,300,0.038,0.853,0.109,0.5106
toyota,prius,2013,14V053000,HYBRID PROPULSION SYSTEM: INVERTER,"Toyota is recalling certain model year 2010 through 2014 Prius vehicles.  In the affected vehicles, the Intelligent Power Module (IPM) inside the inverter module (a component of the hybrid system) contains transistors that may become damaged from high operating temperatures.  If this occurs, various warning lamps will be illuminated on the instrument panel and the vehicle will have reduced power allowing it to only drive a short distance.",2014-02-12,"The vehicle may enter a fail-safe/limp-home mode that limits the drivability of the vehicle.  The hybrid system could also shut down completely resulting in a vehicle stall, increasing the risk of a crash.","Toyota will notify owners and dealers will update the software for both the motor/generator control electronic control unit (ECU) and the hybrid control ECU, free of charge.  If an owner experiences a failure of the inverter before the vehicle receives updated software, the dealer will repair or replace the inverter assembly with a new one at no charge.  The recall began on March 21, 2014.  Owners may contact Toyota at 1-800-331-4331.",Toyota Motor Engineering & Manufacturing,,toyota_prius_2013,49,46,48,4.0,1.8,Automatic (variable gear ratios),Midsize Cars,186.0,Regular,442,0.093,0.838,0.069,-0.2023
toyota,prius,2013,20V369000,HYBRID PROPULSION SYSTEM: INVERTER,"Toyota Motor Engineering & Manufacturing (Toyota) is recalling certain 2013-2015 Prius and 2014-2017 Prius V vehicles not included in recall 18V-684.  Excessive voltage in the Intelligent Power Module (IPM) within the inverter may cause the hybrid system to shut down, causing the vehicle to stall while being driven.",2020-06-24,An unexpected hybrid power system shut down may increase the risk of a crash.,"Toyota will notify owners, and dealers will perform a software update for the hybrid system.  If the vehicle has experienced an inverter failure with certain hybrid system faults related to this condition, the inverter assembly will be repaired or replaced, prior to software update.  All repairs will be performed free of charge.  This recall began July 24, 2020.  Owners may contact Toyota customer service at 1-888-270-9371.  Toyota's number for this recall is 20TB10 / 20TA10.",Toyota Motor Engineering & Manufacturing,,toyota_prius_2013,49,46,48,4.0,1.8,Automatic (variable gear ratios),Midsize Cars,186.0,Regular,317,0.036,0.862,0.102,0.5106
toyota,priuspluginhybrid,2013,17V718000,HYBRID PROPULSION SYSTEM,Toyota Motor Engineering & Manufacturing (Toyota) is recalling certain 2012-2015 Prius Plug-in Hybrid vehicles.  The hybrid battery contains an Electric Vehicle (EV) fuse that may fracture after repeated high-load driving conditions such as climbing long hills.,2017-11-15,The failed fuse may cause the hybrid system to shut down resulting in the loss of power.  Loss of power while driving at higher speeds can increase the risk of a crash.,"Toyota will notify owners, and dealers will replace the EV fuse, free of charge.  The recall is expected to begin January 8, 2018.  Owners may contact Toyota customer service at 1-800-331-4331.  Toyota's number for this recall is H0R.",Toyota Motor Engineering & Manufacturing,,toyota_priuspluginhybrid_2013,51,49,50,4.0,1.8,Automatic (variable gear ratios),Midsize Cars,133.0,Regular Gas and Electricity,261,0.0,0.942,0.058,0.2732
toyota,priusv,2013,18V684000,HYBRID PROPULSION SYSTEM,"Toyota Motor Engineering & Manufacturing (Toyota) is recalling certain 2010-2014 Toyota Prius and 2012-2014 Toyota Prius V vehicles.  Excessive voltage in the Intelligent Power Module (IPM) within the inverter may cause the hybrid system to shut down, causing the vehicle to stall while being driven.",2018-10-04,"If the hybrid system shuts down unexpectedly, it can increase the risk of a crash.","Toyota will notify owners, and dealers will update the software for the motor/generator control electronic control unit (ECU) and the hybrid control ECU as necessary, free of charge.  The recall began January 22, 2019.  Owners may contact Toyota customer service at 1-888-270-9371.  Toyota's number for this recall is J0V.  Note: The software updates in this recall are needed even if the vehicle had the software previously updated under recalls 14V-053 or 15V-449.",Toyota Motor Engineering & Manufacturing,,toyota_priusv_2013,43,39,41,4.0,1.8,Automatic (variable gear ratios),Midsize Station Wagons,216.0,Regular,300,0.038,0.853,0.109,0.5106
toyota,priusv,2013,15V449000,HYBRID PROPULSION SYSTEM: INVERTER,"Toyota Motor Engineering & Manufacturing (Toyota) is recalling certain model year 2012-2014 Prius V vehicles manufactured August 22, 2011, to June 30, 2014.  A component within the hybrid inverter assembly may overheat, causing the hybrid system to reduce output power allowing the vehicle to only drive a short distance.  In some circumstances, the hybrid system may shut down causing the vehicle to stop while being driven.",2015-07-15,"The vehicle may enter a fail-safe/limp-home mode that limits the drivability of the vehicle.  The hybrid system could also shut down completely resulting in a vehicle stall, increasing the risk of a crash.","Toyota will notify owners, and dealers will update the software for the motor/generator control electronic control unti (ECU) and the hybrid control ECU, free of charge.  The recall began on July 30, 2015.  Owners may contact Toyota customer service at 1-888-270-9371.",Toyota Motor Engineering & Manufacturing,,toyota_priusv_2013,43,39,41,4.0,1.8,Automatic (variable gear ratios),Midsize Station Wagons,216.0,Regular,425,0.034,0.933,0.033,-0.0258
toyota,priusv,2013,13E070000,EXTERIOR LIGHTING:TAIL LIGHTS,"Genera Corporation (Genera) is recalling certain aftermarket replacement tail lights, model 11-6468-00 (driver-side), and model 11-6467-00 (passenger-side), sold for use on 2012-2013 Toyota Prius V vehicles. The brake light and tail  light circuits are switched causing the brake lights to be illuminated continuously until the brake pedal is pressed, when the brake lights will go out.",2013-12-12,"The reversed tail lamp function reduces the ability to warn other motorists of the driver's intentions, increasing the risk of a crash.","Genera will notify owners and provide replacement aftermarket tail lamps, free of charge.  The recall began on January 23, 2014.  Owners may contact Genera at 1-888-963-9888.  This recall is being conducted by Genera Corporation, not by Toyota Motor Corporation.",Genera Corporation,,toyota_priusv_2013,43,39,41,4.0,1.8,Automatic (variable gear ratios),Midsize Station Wagons,216.0,Regular,386,0.0,0.963,0.037,0.2732
toyota,venza,2013,13V014000,AIR BAGS:FRONTAL:SENSOR/CONTROL MODULE-INACTIVE,"Southeast Toyota Distributors, LLC (SET) is recalling certain models interspersed through model years 2009 through 2013 as follows: model year 2009-2012 Tacoma, 4Runner, Camry, Camry Hybrid, Prius, and RAV4; model year 2009-2010 Avalon, FJ Cruiser, and Highlander Hybrid; model year 2010-2013 model year Corolla, Sienna and Tundra; model year 2009-2013 Highlander and Venza; model year 2012 Prius V; and model year 2010-2012 Sequoia.  During modification by SET to include accessories such as leather seat covers, seat heaters or headrest DVD systems, these vehicles may not have had the passenger seat occupant sensing system calibration tested.  Without passing the calibration test, the occupant sensing system may not operate as designed.",2013-01-16,"If the front passenger seat occupant sensing system is out of calibration, the front passenger airbags may not deploy or they may deploy inappropriately for the passenger's size and position.  This could increase the risk of personal injury during the event of a vehicle crash necessitating airbag deployment.","Southeast Toyota will notify owners, and dealers will test the sensitivity of the occupant detection sensors, and recalibrate them as necessary.  The recall began on March 21, 2013.  Owners may contact Southeast Toyota at 1-800-301-6859.","Southeast Toyota Distributors, LLC",,toyota_venza_2013,20,26,23,4.0,2.7,Automatic (S6),Small Sport Utility Vehicle 2WD,388.0,Regular,742,0.0,0.981,0.019,0.2732
toyota,venza,2013,13V014000,AIR BAGS:FRONTAL:SENSOR/CONTROL MODULE-INACTIVE,"Southeast Toyota Distributors, LLC (SET) is recalling certain models interspersed through model years 2009 through 2013 as follows: model year 2009-2012 Tacoma, 4Runner, Camry, Camry Hybrid, Prius, and RAV4; model year 2009-2010 Avalon, FJ Cruiser, and Highlander Hybrid; model year 2010-2013 model year Corolla, Sienna and Tundra; model year 2009-2013 Highlander and Venza; model year 2012 Prius V; and model year 2010-2012 Sequoia.  During modification by SET to include accessories such as leather seat covers, seat heaters or headrest DVD systems, these vehicles may not have had the passenger seat occupant sensing system calibration tested.  Without passing the calibration test, the occupant sensing system may not operate as designed.",2013-01-16,"If the front passenger seat occupant sensing system is out of calibration, the front passenger airbags may not deploy or they may deploy inappropriately for the passenger's size and position.  This could increase the risk of personal injury during the event of a vehicle crash necessitating airbag deployment.","Southeast Toyota will notify owners, and dealers will test the sensitivity of the occupant detection sensors, and recalibrate them as necessary.  The recall began on March 21, 2013.  Owners may contact Southeast Toyota at 1-800-301-6859.","Southeast Toyota Distributors, LLC",,toyota_venza_2013,19,26,21,6.0,3.5,Automatic (S6),Small Sport Utility Vehicle 2WD,413.0,Regular,742,0.0,0.981,0.019,0.2732
toyota,venza,2013,13V123000,EQUIPMENT:OTHER:LABELS,"Southeast Toyota is recalling certain model year 2008 and 2010-2013 Toyota Tundra, 2010-2012 Rav4, 2012 Toyota Sequoia, 2010-2011 Toyota Corolla, 2010-2011 Toyota Camry and Camry Hybrid, 2010-2013 Toyota Highlander and Highlander Hybrid, 2010-2013 Toyota FJ Cruiser, 2011 Toyota Land Cruiser, 2010-2013 Toyota Venza, 2010-2011 Toyota 4Runner, 2010-2013 Toyota Tacoma, 2011-2012 Toyota Sienna, 2012 Toyota Prius, 2013 Scion FR-S, 2011 Scion XD, 2011 Scion XB, and 2012 Scion TC vehicles.  These vehicles were sold with labels that were outside the allowable one percent of accuracy of actual weight added.  Thus,  these vehicles fail to comply with the requirements of Federal Motor Vehicle Safety Standard (FMVSS) Number 110, ""Tire Selection and Rims.""",2013-04-09,"An inaccurate label could lead to owners overloading their vehicles and tires.  An overloaded vehicle can result in a tire failure which may result in a vehicle crash, personal injury, or property damage.","Southeast Toyota will notify owners and provide a corrected label with instructions concerning its installation.  A small group of the affected vehicles will need additonal remedies which are still being developed.  The recall began on May 28, 2013.  Owners may contact Southeast Toyota at 1-800-301-6859.","Southeast Toyota Distributors, LLC",,toyota_venza_2013,20,26,23,4.0,2.7,Automatic (S6),Small Sport Utility Vehicle 2WD,388.0,Regular,752,0.029,0.881,0.09,0.7378
toyota,venza,2013,13V123000,EQUIPMENT:OTHER:LABELS,"Southeast Toyota is recalling certain model year 2008 and 2010-2013 Toyota Tundra, 2010-2012 Rav4, 2012 Toyota Sequoia, 2010-2011 Toyota Corolla, 2010-2011 Toyota Camry and Camry Hybrid, 2010-2013 Toyota Highlander and Highlander Hybrid, 2010-2013 Toyota FJ Cruiser, 2011 Toyota Land Cruiser, 2010-2013 Toyota Venza, 2010-2011 Toyota 4Runner, 2010-2013 Toyota Tacoma, 2011-2012 Toyota Sienna, 2012 Toyota Prius, 2013 Scion FR-S, 2011 Scion XD, 2011 Scion XB, and 2012 Scion TC vehicles.  These vehicles were sold with labels that were outside the allowable one percent of accuracy of actual weight added.  Thus,  these vehicles fail to comply with the requirements of Federal Motor Vehicle Safety Standard (FMVSS) Number 110, ""Tire Selection and Rims.""",2013-04-09,"An inaccurate label could lead to owners overloading their vehicles and tires.  An overloaded vehicle can result in a tire failure which may result in a vehicle crash, personal injury, or property damage.","Southeast Toyota will notify owners and provide a corrected label with instructions concerning its installation.  A small group of the affected vehicles will need additonal remedies which are still being developed.  The recall began on May 28, 2013.  Owners may contact Southeast Toyota at 1-800-301-6859.","Southeast Toyota Distributors, LLC",,toyota_venza_2013,19,26,21,6.0,3.5,Automatic (S6),Small Sport Utility Vehicle 2WD,413.0,Regular,752,0.029,0.881,0.09,0.7378
toyota,venza,2013,13V442000,ELECTRICAL SYSTEM,"Toyota is recalling certain model year 2012-2013 Avalon, Avalon HV, Venza, Camry, and Camry HV vehicles.  In the affected vehicles, the drain hose for the air conditioning condenser may become clogged causing water to accumulate at the bottom of the air conditioning condenser unit housing.  The accumulated water may then leak through a seam in the housing onto the air bag control module potentially resulting in a short circuit of the module.",2013-10-17,A short circuit may cause the air bags to become disabled or inadvertently deploy.  An inadvertent airbag deployment can increase the risk of injury or the possibility of a crash.  An inoperative airbag can increase the risk of injury in a severe crash.  The power steering assist could also become inoperable resulting in increased steering effort and can increase the risk of a crash at low speeds.,"Toyota will notify owners, and dealers will seal the air conditioning condenser unit housing and install a protective cover on the airbag control module, free of charge.  The recall began on February 5, 2014.  Owners may contact Toyota at 1-800-331-4331.",Toyota Motor Engineering & Manufacturing,,toyota_venza_2013,20,26,23,4.0,2.7,Automatic (S6),Small Sport Utility Vehicle 2WD,388.0,Regular,445,0.055,0.917,0.029,-0.2263
toyota,venza,2013,13V442000,ELECTRICAL SYSTEM,"Toyota is recalling certain model year 2012-2013 Avalon, Avalon HV, Venza, Camry, and Camry HV vehicles.  In the affected vehicles, the drain hose for the air conditioning condenser may become clogged causing water to accumulate at the bottom of the air conditioning condenser unit housing.  The accumulated water may then leak through a seam in the housing onto the air bag control module potentially resulting in a short circuit of the module.",2013-10-17,A short circuit may cause the air bags to become disabled or inadvertently deploy.  An inadvertent airbag deployment can increase the risk of injury or the possibility of a crash.  An inoperative airbag can increase the risk of injury in a severe crash.  The power steering assist could also become inoperable resulting in increased steering effort and can increase the risk of a crash at low speeds.,"Toyota will notify owners, and dealers will seal the air conditioning condenser unit housing and install a protective cover on the airbag control module, free of charge.  The recall began on February 5, 2014.  Owners may contact Toyota at 1-800-331-4331.",Toyota Motor Engineering & Manufacturing,,toyota_venza_2013,19,26,21,6.0,3.5,Automatic (S6),Small Sport Utility Vehicle 2WD,413.0,Regular,445,0.055,0.917,0.029,-0.2263
toyota,venza,2013,21V257000,AIR BAGS:SIDE/WINDOW:CURTAIN,Toyota Motor Engineering & Manufacturing (Toyota) is recalling certain 2009-2015 Venza vehicles.  The Supplemental Restraint System (SRS) wiring may become damaged with regular use of the driver-side door.,2021-04-13,"Damaged wires may cause the air bag sensor to become inoperable, preventing the deployment of the side and curtain air bags on the driver side and increasing the risk of injury during a crash.","Dealers will inspect and, if necessary, replace the driver-side front door wire harness, free of charge.  Owner notification letters were mailed October 19, 2021.  Owners may contact Toyota customer service at 1-800-331-4331.  Toyota's number for this recall is 21TB01/21TA01.",Toyota Motor Engineering & Manufacturing,,toyota_venza_2013,20,26,23,4.0,2.7,Automatic (S6),Small Sport Utility Vehicle 2WD,388.0,Regular,205,0.097,0.833,0.07,-0.2023
toyota,venza,2013,21V257000,AIR BAGS:SIDE/WINDOW:CURTAIN,Toyota Motor Engineering & Manufacturing (Toyota) is recalling certain 2009-2015 Venza vehicles.  The Supplemental Restraint System (SRS) wiring may become damaged with regular use of the driver-side door.,2021-04-13,"Damaged wires may cause the air bag sensor to become inoperable, preventing the deployment of the side and curtain air bags on the driver side and increasing the risk of injury during a crash.","Dealers will inspect and, if necessary, replace the driver-side front door wire harness, free of charge.  Owner notification letters were mailed October 19, 2021.  Owners may contact Toyota customer service at 1-800-331-4331.  Toyota's number for this recall is 21TB01/21TA01.",Toyota Motor Engineering & Manufacturing,,toyota_venza_2013,19,26,21,6.0,3.5,Automatic (S6),Small Sport Utility Vehicle 2WD,413.0,Regular,205,0.097,0.833,0.07,-0.2023
toyota,yaris,2013,15V134000,STRUCTURE,"Toyota Motor Engineering & Manufacturing (Toyota) is recalling certain model year 2012-2015 Yaris vehicles manufactured August 31, 2011, to February 9, 2015, and sold or registered in Puerto Rico. The affected vehicles may have been manufactured with a roof headliner that does not provide the proper occupant protection in the event of a crash.  As such, these vehicles fail to comply with the requirements of Federal Motor Vehicle Safety Standard (FMVSS) No. 201, "" Occupant Protection in Interior Impact.""",2015-03-09,"If the vehicles are equipped with a headliner that does not meet the impact requirements, there is an increased risk of occupantl injury in the event of a crash.","Toyota will notify owners, and dealers will replace the headliner, free of charge. The recall began on June 22, 2015.  Owners may contact Toyota customer service at 1-800-331-4331.",Toyota Motor Engineering & Manufacturing,,toyota_yaris_2013,30,35,32,4.0,1.5,Automatic 4-spd,Compact Cars,278.0,Regular,508,0.119,0.822,0.058,-0.6249
toyota,yaris,2013,15V134000,STRUCTURE,"Toyota Motor Engineering & Manufacturing (Toyota) is recalling certain model year 2012-2015 Yaris vehicles manufactured August 31, 2011, to February 9, 2015, and sold or registered in Puerto Rico. The affected vehicles may have been manufactured with a roof headliner that does not provide the proper occupant protection in the event of a crash.  As such, these vehicles fail to comply with the requirements of Federal Motor Vehicle Safety Standard (FMVSS) No. 201, "" Occupant Protection in Interior Impact.""",2015-03-09,"If the vehicles are equipped with a headliner that does not meet the impact requirements, there is an increased risk of occupantl injury in the event of a crash.","Toyota will notify owners, and dealers will replace the headliner, free of charge. The recall began on June 22, 2015.  Owners may contact Toyota customer service at 1-800-331-4331.",Toyota Motor Engineering & Manufacturing,,toyota_yaris_2013,30,36,33,4.0,1.5,Manual 5-spd,Compact Cars,271.0,Regular,508,0.119,0.822,0.058,-0.6249
toyota,avalon,2014,14V715000,SUSPENSION:FRONT:CONTROL ARM:LOWER ARM,"Toyota Motor Engineering & Manufacturing (Toyota) is recalling certain model year 2014 Toyota Camry, Camry HV, Avalon, and Avalon HV vehicles equipped with 16-inch and 17-inch rims.  In the affected vehicles, the left-side front suspension lower arm may have been incorrectly manufactured.  As a result, the left side lower arm may not have enough clamping surface area for one of the bolts that secures the lower arm to the lower ball joint.",2014-11-07,"Because of the insufficient clamping force, the lower arm may separate from the ball joint, increasing the risk of a crash.","Toyota will notify owners, and dealers will replace the left side lower arm, free of charge.  The recall began on December 12, 2014.  Owners may contact Toyota customer service at 1-800-331-4331.",Toyota Motor Engineering & Manufacturing,,toyota_avalon_2014,21,30,25,6.0,3.5,Automatic (S6),Midsize Cars,361.0,Regular,442,0.134,0.81,0.057,-0.6124
toyota,avalon,2014,14V715000,SUSPENSION:FRONT:CONTROL ARM:LOWER ARM,"Toyota Motor Engineering & Manufacturing (Toyota) is recalling certain model year 2014 Toyota Camry, Camry HV, Avalon, and Avalon HV vehicles equipped with 16-inch and 17-inch rims.  In the affected vehicles, the left-side front suspension lower arm may have been incorrectly manufactured.  As a result, the left side lower arm may not have enough clamping surface area for one of the bolts that secures the lower arm to the lower ball joint.",2014-11-07,"Because of the insufficient clamping force, the lower arm may separate from the ball joint, increasing the risk of a crash.","Toyota will notify owners, and dealers will replace the left side lower arm, free of charge.  The recall began on December 12, 2014.  Owners may contact Toyota customer service at 1-800-331-4331.",Toyota Motor Engineering & Manufacturing,,toyota_avalon_2014,21,30,24,6.0,3.5,Automatic (S6),Midsize Cars,365.0,Regular,442,0.134,0.81,0.057,-0.6124
toyota,avalon,2014,14V576000,"FUEL SYSTEM, GASOLINE:DELIVERY:HOSES, LINES/PIPING, AND FITTINGS","Toyota Motor Engineering & Manufacturing (Toyota) is recalling certain model year 2014 Toyota Avalon, Camry, Sienna, and Highlander and model year 2015 Lexus RX350 vehicles.  Fuel may leak from the one of the fuel delivery pipes in the engine compartment.",2014-09-19,A fuel leak in the presence of an ignition source increases the risk of a fire.,"Toyota will notify owners, and dealers will replace any of the suspect fuel delivery pipes free of charge.  The recall began November 17, 2014.  Owners may contact Toyota customer service at 1-800-331-4331.",Toyota Motor Engineering & Manufacturing,,toyota_avalon_2014,21,30,25,6.0,3.5,Automatic (S6),Midsize Cars,361.0,Regular,255,0.058,0.892,0.051,-0.0772
toyota,avalon,2014,14V576000,"FUEL SYSTEM, GASOLINE:DELIVERY:HOSES, LINES/PIPING, AND FITTINGS","Toyota Motor Engineering & Manufacturing (Toyota) is recalling certain model year 2014 Toyota Avalon, Camry, Sienna, and Highlander and model year 2015 Lexus RX350 vehicles.  Fuel may leak from the one of the fuel delivery pipes in the engine compartment.",2014-09-19,A fuel leak in the presence of an ignition source increases the risk of a fire.,"Toyota will notify owners, and dealers will replace any of the suspect fuel delivery pipes free of charge.  The recall began November 17, 2014.  Owners may contact Toyota customer service at 1-800-331-4331.",Toyota Motor Engineering & Manufacturing,,toyota_avalon_2014,21,30,24,6.0,3.5,Automatic (S6),Midsize Cars,365.0,Regular,255,0.058,0.892,0.051,-0.0772
toyota,avalon,2014,15V728000,FORWARD COLLISION AVOIDANCE: CRASH IMMINENT BRAKING,"Toyota Motor Engineering & Manufacturing (Toyota) is recalling certain model year 2013-2015 Avalon and Avalon Hybrid vehicles manufactured October 19, 2012 to October 27, 2015 and 2013-2015 Lexus ES350 and ES300h vehicles manufactured June 18, 2012 to July 6, 2015.  The affected vehicles are equipped with a Pre-Collision System (PCS) as optional equipment.  In these vehicles, the PCS may unexpectedly activate and apply the brakes when the radar detects a steel joint or plate in the roadway as an object.",2015-11-03,A vehicle that unexpectedly brakes increases the risk of a crash.,"Toyota will notify owners, and dealers will replace certain PCS components, free of charge.  The recall began on July 28, 2016.  Owners may contact Toyota at 1-888-270-9371.  Toyota's numbers for this campaign are F1V and F2E.",Toyota Motor Engineering & Manufacturing,,toyota_avalon_2014,21,30,25,6.0,3.5,Automatic (S6),Midsize Cars,361.0,Regular,508,0.02,0.953,0.027,0.128
toyota,avalon,2014,15V728000,FORWARD COLLISION AVOIDANCE: CRASH IMMINENT BRAKING,"Toyota Motor Engineering & Manufacturing (Toyota) is recalling certain model year 2013-2015 Avalon and Avalon Hybrid vehicles manufactured October 19, 2012 to October 27, 2015 and 2013-2015 Lexus ES350 and ES300h vehicles manufactured June 18, 2012 to July 6, 2015.  The affected vehicles are equipped with a Pre-Collision System (PCS) as optional equipment.  In these vehicles, the PCS may unexpectedly activate and apply the brakes when the radar detects a steel joint or plate in the roadway as an object.",2015-11-03,A vehicle that unexpectedly brakes increases the risk of a crash.,"Toyota will notify owners, and dealers will replace certain PCS components, free of charge.  The recall began on July 28, 2016.  Owners may contact Toyota at 1-888-270-9371.  Toyota's numbers for this campaign are F1V and F2E.",Toyota Motor Engineering & Manufacturing,,toyota_avalon_2014,21,30,24,6.0,3.5,Automatic (S6),Midsize Cars,365.0,Regular,508,0.02,0.953,0.027,0.128
toyota,avalon,2014,20V024000,AIR BAGS: AIR BAG/RESTRAINT CONTROL MODULE,"Toyota Motor Engineering & Manufacturing  (Toyota) is recalling certain 2011-2019 Corolla, 2011-2013 Matrix, 2012-2018 Avalon, and 2013-2018 Avalon Hybrid vehicles.  During certain crashes, the air bag electronic control unit (ECU) may malfunction, possibly disabling the deployment of the air bags and/or seat belt pretensioners.",2020-01-17,"In the event of a crash, air bags and/or seat belt pretensioners that do not deploy as intended may increase the risk of injury.","Toyota will notify owners, and dealers will inspect the ECU and install a noise filter between the air bag control module and its wire harness, as necessary, free of charge.  Owners were notified of the safety risk beginning March 2, 2020.  A second letter notifying owners of the remedy repair will be mailed between March 16, 2020 and June 27, 2020.  Owners may contact Toyota customer service at 1-888-270-9371.  Toyota's numbers for this recall are 20TB03, 20TA03 and 20TA05.",Toyota Motor Engineering & Manufacturing,EA19001,toyota_avalon_2014,21,30,25,6.0,3.5,Automatic (S6),Midsize Cars,361.0,Regular,330,0.066,0.846,0.089,0.0258
toyota,avalon,2014,20V024000,AIR BAGS: AIR BAG/RESTRAINT CONTROL MODULE,"Toyota Motor Engineering & Manufacturing  (Toyota) is recalling certain 2011-2019 Corolla, 2011-2013 Matrix, 2012-2018 Avalon, and 2013-2018 Avalon Hybrid vehicles.  During certain crashes, the air bag electronic control unit (ECU) may malfunction, possibly disabling the deployment of the air bags and/or seat belt pretensioners.",2020-01-17,"In the event of a crash, air bags and/or seat belt pretensioners that do not deploy as intended may increase the risk of injury.","Toyota will notify owners, and dealers will inspect the ECU and install a noise filter between the air bag control module and its wire harness, as necessary, free of charge.  Owners were notified of the safety risk beginning March 2, 2020.  A second letter notifying owners of the remedy repair will be mailed between March 16, 2020 and June 27, 2020.  Owners may contact Toyota customer service at 1-888-270-9371.  Toyota's numbers for this recall are 20TB03, 20TA03 and 20TA05.",Toyota Motor Engineering & Manufacturing,EA19001,toyota_avalon_2014,21,30,24,6.0,3.5,Automatic (S6),Midsize Cars,365.0,Regular,330,0.066,0.846,0.089,0.0258
toyota,avalonhybrid,2014,20V024000,AIR BAGS: AIR BAG/RESTRAINT CONTROL MODULE,"Toyota Motor Engineering & Manufacturing  (Toyota) is recalling certain 2011-2019 Corolla, 2011-2013 Matrix, 2012-2018 Avalon, and 2013-2018 Avalon Hybrid vehicles.  During certain crashes, the air bag electronic control unit (ECU) may malfunction, possibly disabling the deployment of the air bags and/or seat belt pretensioners.",2020-01-17,"In the event of a crash, air bags and/or seat belt pretensioners that do not deploy as intended may increase the risk of injury.","Toyota will notify owners, and dealers will inspect the ECU and install a noise filter between the air bag control module and its wire harness, as necessary, free of charge.  Owners were notified of the safety risk beginning March 2, 2020.  A second letter notifying owners of the remedy repair will be mailed between March 16, 2020 and June 27, 2020.  Owners may contact Toyota customer service at 1-888-270-9371.  Toyota's numbers for this recall are 20TB03, 20TA03 and 20TA05.",Toyota Motor Engineering & Manufacturing,EA19001,toyota_avalonhybrid_2014,40,39,40,4.0,2.5,Automatic (AV-S6),Midsize Cars,223.0,Regular,330,0.066,0.846,0.089,0.0258
toyota,avalonhybrid,2014,15V728000,FORWARD COLLISION AVOIDANCE: CRASH IMMINENT BRAKING,"Toyota Motor Engineering & Manufacturing (Toyota) is recalling certain model year 2013-2015 Avalon and Avalon Hybrid vehicles manufactured October 19, 2012 to October 27, 2015 and 2013-2015 Lexus ES350 and ES300h vehicles manufactured June 18, 2012 to July 6, 2015.  The affected vehicles are equipped with a Pre-Collision System (PCS) as optional equipment.  In these vehicles, the PCS may unexpectedly activate and apply the brakes when the radar detects a steel joint or plate in the roadway as an object.",2015-11-03,A vehicle that unexpectedly brakes increases the risk of a crash.,"Toyota will notify owners, and dealers will replace certain PCS components, free of charge.  The recall began on July 28, 2016.  Owners may contact Toyota at 1-888-270-9371.  Toyota's numbers for this campaign are F1V and F2E.",Toyota Motor Engineering & Manufacturing,,toyota_avalonhybrid_2014,40,39,40,4.0,2.5,Automatic (AV-S6),Midsize Cars,223.0,Regular,508,0.02,0.953,0.027,0.128
toyota,camry,2014,14V715000,SUSPENSION:FRONT:CONTROL ARM:LOWER ARM,"Toyota Motor Engineering & Manufacturing (Toyota) is recalling certain model year 2014 Toyota Camry, Camry HV, Avalon, and Avalon HV vehicles equipped with 16-inch and 17-inch rims.  In the affected vehicles, the left-side front suspension lower arm may have been incorrectly manufactured.  As a result, the left side lower arm may not have enough clamping surface area for one of the bolts that secures the lower arm to the lower ball joint.",2014-11-07,"Because of the insufficient clamping force, the lower arm may separate from the ball joint, increasing the risk of a crash.","Toyota will notify owners, and dealers will replace the left side lower arm, free of charge.  The recall began on December 12, 2014.  Owners may contact Toyota customer service at 1-800-331-4331.",Toyota Motor Engineering & Manufacturing,,toyota_camry_2014,25,34,28,4.0,2.5,Automatic (S6),Midsize Cars,313.0,Regular,442,0.134,0.81,0.057,-0.6124
toyota,camry,2014,14V715000,SUSPENSION:FRONT:CONTROL ARM:LOWER ARM,"Toyota Motor Engineering & Manufacturing (Toyota) is recalling certain model year 2014 Toyota Camry, Camry HV, Avalon, and Avalon HV vehicles equipped with 16-inch and 17-inch rims.  In the affected vehicles, the left-side front suspension lower arm may have been incorrectly manufactured.  As a result, the left side lower arm may not have enough clamping surface area for one of the bolts that secures the lower arm to the lower ball joint.",2014-11-07,"Because of the insufficient clamping force, the lower arm may separate from the ball joint, increasing the risk of a crash.","Toyota will notify owners, and dealers will replace the left side lower arm, free of charge.  The recall began on December 12, 2014.  Owners may contact Toyota customer service at 1-800-331-4331.",Toyota Motor Engineering & Manufacturing,,toyota_camry_2014,21,30,25,6.0,3.5,Automatic (S6),Midsize Cars,361.0,Regular,442,0.134,0.81,0.057,-0.6124
toyota,camry,2014,14V576000,"FUEL SYSTEM, GASOLINE:DELIVERY:HOSES, LINES/PIPING, AND FITTINGS","Toyota Motor Engineering & Manufacturing (Toyota) is recalling certain model year 2014 Toyota Avalon, Camry, Sienna, and Highlander and model year 2015 Lexus RX350 vehicles.  Fuel may leak from the one of the fuel delivery pipes in the engine compartment.",2014-09-19,A fuel leak in the presence of an ignition source increases the risk of a fire.,"Toyota will notify owners, and dealers will replace any of the suspect fuel delivery pipes free of charge.  The recall began November 17, 2014.  Owners may contact Toyota customer service at 1-800-331-4331.",Toyota Motor Engineering & Manufacturing,,toyota_camry_2014,25,34,28,4.0,2.5,Automatic (S6),Midsize Cars,313.0,Regular,255,0.058,0.892,0.051,-0.0772
toyota,camry,2014,14V576000,"FUEL SYSTEM, GASOLINE:DELIVERY:HOSES, LINES/PIPING, AND FITTINGS","Toyota Motor Engineering & Manufacturing (Toyota) is recalling certain model year 2014 Toyota Avalon, Camry, Sienna, and Highlander and model year 2015 Lexus RX350 vehicles.  Fuel may leak from the one of the fuel delivery pipes in the engine compartment.",2014-09-19,A fuel leak in the presence of an ignition source increases the risk of a fire.,"Toyota will notify owners, and dealers will replace any of the suspect fuel delivery pipes free of charge.  The recall began November 17, 2014.  Owners may contact Toyota customer service at 1-800-331-4331.",Toyota Motor Engineering & Manufacturing,,toyota_camry_2014,21,30,25,6.0,3.5,Automatic (S6),Midsize Cars,361.0,Regular,255,0.058,0.892,0.051,-0.0772
toyota,camry,2014,13V505000,VISIBILITY:WINDSHIELD WIPER/WASHER:SWITCH/WIRING,"Toyota Motor Engineering & manufacturing North America, Inc. (Toyota) is recalling certain model year 2013-2014 Camry and Camry HV, model year 2013 Avalon and Avalon HV and model year 2014 Corolla vehicles.  In the affected vehicles, the windshield wiper switch assembly may short circuit.  As such, these vehicles fail to conform to the requirements of Federal Motor Vehicle Safety Standard, No. 104, ""Windshield Wiping and Washing Systems.""",2013-10-17,"A short circuit could cause inoperative windshield wipers, reducing driver visibility and increasing the risk of a crash.","Toyota will notify owners, and dealers will replace the wiper switch assembly, free of charge.  The recall began on November 8, 2013.  Owners may contact Toyota at 1-800-331-4331.",Toyota Motor Engineering & Manufacturing,,toyota_camry_2014,25,34,28,4.0,2.5,Automatic (S6),Midsize Cars,313.0,Regular,442,0.1,0.833,0.067,-0.34
toyota,camry,2014,13V505000,VISIBILITY:WINDSHIELD WIPER/WASHER:SWITCH/WIRING,"Toyota Motor Engineering & manufacturing North America, Inc. (Toyota) is recalling certain model year 2013-2014 Camry and Camry HV, model year 2013 Avalon and Avalon HV and model year 2014 Corolla vehicles.  In the affected vehicles, the windshield wiper switch assembly may short circuit.  As such, these vehicles fail to conform to the requirements of Federal Motor Vehicle Safety Standard, No. 104, ""Windshield Wiping and Washing Systems.""",2013-10-17,"A short circuit could cause inoperative windshield wipers, reducing driver visibility and increasing the risk of a crash.","Toyota will notify owners, and dealers will replace the wiper switch assembly, free of charge.  The recall began on November 8, 2013.  Owners may contact Toyota at 1-800-331-4331.",Toyota Motor Engineering & Manufacturing,,toyota_camry_2014,21,30,25,6.0,3.5,Automatic (S6),Midsize Cars,361.0,Regular,442,0.1,0.833,0.067,-0.34
toyota,corolla,2014,13V505000,VISIBILITY:WINDSHIELD WIPER/WASHER:SWITCH/WIRING,"Toyota Motor Engineering & manufacturing North America, Inc. (Toyota) is recalling certain model year 2013-2014 Camry and Camry HV, model year 2013 Avalon and Avalon HV and model year 2014 Corolla vehicles.  In the affected vehicles, the windshield wiper switch assembly may short circuit.  As such, these vehicles fail to conform to the requirements of Federal Motor Vehicle Safety Standard, No. 104, ""Windshield Wiping and Washing Systems.""",2013-10-17,"A short circuit could cause inoperative windshield wipers, reducing driver visibility and increasing the risk of a crash.","Toyota will notify owners, and dealers will replace the wiper switch assembly, free of charge.  The recall began on November 8, 2013.  Owners may contact Toyota at 1-800-331-4331.",Toyota Motor Engineering & Manufacturing,,toyota_corolla_2014,27,35,30,4.0,1.8,Automatic 4-spd,Midsize Cars,291.0,Regular,442,0.1,0.833,0.067,-0.34
toyota,corolla,2014,13V505000,VISIBILITY:WINDSHIELD WIPER/WASHER:SWITCH/WIRING,"Toyota Motor Engineering & manufacturing North America, Inc. (Toyota) is recalling certain model year 2013-2014 Camry and Camry HV, model year 2013 Avalon and Avalon HV and model year 2014 Corolla vehicles.  In the affected vehicles, the windshield wiper switch assembly may short circuit.  As such, these vehicles fail to conform to the requirements of Federal Motor Vehicle Safety Standard, No. 104, ""Windshield Wiping and Washing Systems.""",2013-10-17,"A short circuit could cause inoperative windshield wipers, reducing driver visibility and increasing the risk of a crash.","Toyota will notify owners, and dealers will replace the wiper switch assembly, free of charge.  The recall began on November 8, 2013.  Owners may contact Toyota at 1-800-331-4331.",Toyota Motor Engineering & Manufacturing,,toyota_corolla_2014,29,37,32,4.0,1.8,Automatic (variable gear ratios),Midsize Cars,281.0,Regular,442,0.1,0.833,0.067,-0.34
toyota,corolla,2014,13V505000,VISIBILITY:WINDSHIELD WIPER/WASHER:SWITCH/WIRING,"Toyota Motor Engineering & manufacturing North America, Inc. (Toyota) is recalling certain model year 2013-2014 Camry and Camry HV, model year 2013 Avalon and Avalon HV and model year 2014 Corolla vehicles.  In the affected vehicles, the windshield wiper switch assembly may short circuit.  As such, these vehicles fail to conform to the requirements of Federal Motor Vehicle Safety Standard, No. 104, ""Windshield Wiping and Washing Systems.""",2013-10-17,"A short circuit could cause inoperative windshield wipers, reducing driver visibility and increasing the risk of a crash.","Toyota will notify owners, and dealers will replace the wiper switch assembly, free of charge.  The recall began on November 8, 2013.  Owners may contact Toyota at 1-800-331-4331.",Toyota Motor Engineering & Manufacturing,,toyota_corolla_2014,29,36,32,4.0,1.8,Automatic (AV-S7),Midsize Cars,280.0,Regular,442,0.1,0.833,0.067,-0.34
toyota,corolla,2014,13V505000,VISIBILITY:WINDSHIELD WIPER/WASHER:SWITCH/WIRING,"Toyota Motor Engineering & manufacturing North America, Inc. (Toyota) is recalling certain model year 2013-2014 Camry and Camry HV, model year 2013 Avalon and Avalon HV and model year 2014 Corolla vehicles.  In the affected vehicles, the windshield wiper switch assembly may short circuit.  As such, these vehicles fail to conform to the requirements of Federal Motor Vehicle Safety Standard, No. 104, ""Windshield Wiping and Washing Systems.""",2013-10-17,"A short circuit could cause inoperative windshield wipers, reducing driver visibility and increasing the risk of a crash.","Toyota will notify owners, and dealers will replace the wiper switch assembly, free of charge.  The recall began on November 8, 2013.  Owners may contact Toyota at 1-800-331-4331.",Toyota Motor Engineering & Manufacturing,,toyota_corolla_2014,28,36,31,4.0,1.8,Manual 6-spd,Midsize Cars,285.0,Regular,442,0.1,0.833,0.067,-0.34
toyota,corolla,2014,20V024000,AIR BAGS: AIR BAG/RESTRAINT CONTROL MODULE,"Toyota Motor Engineering & Manufacturing  (Toyota) is recalling certain 2011-2019 Corolla, 2011-2013 Matrix, 2012-2018 Avalon, and 2013-2018 Avalon Hybrid vehicles.  During certain crashes, the air bag electronic control unit (ECU) may malfunction, possibly disabling the deployment of the air bags and/or seat belt pretensioners.",2020-01-17,"In the event of a crash, air bags and/or seat belt pretensioners that do not deploy as intended may increase the risk of injury.","Toyota will notify owners, and dealers will inspect the ECU and install a noise filter between the air bag control module and its wire harness, as necessary, free of charge.  Owners were notified of the safety risk beginning March 2, 2020.  A second letter notifying owners of the remedy repair will be mailed between March 16, 2020 and June 27, 2020.  Owners may contact Toyota customer service at 1-888-270-9371.  Toyota's numbers for this recall are 20TB03, 20TA03 and 20TA05.",Toyota Motor Engineering & Manufacturing,EA19001,toyota_corolla_2014,27,35,30,4.0,1.8,Automatic 4-spd,Midsize Cars,291.0,Regular,330,0.066,0.846,0.089,0.0258
toyota,corolla,2014,20V024000,AIR BAGS: AIR BAG/RESTRAINT CONTROL MODULE,"Toyota Motor Engineering & Manufacturing  (Toyota) is recalling certain 2011-2019 Corolla, 2011-2013 Matrix, 2012-2018 Avalon, and 2013-2018 Avalon Hybrid vehicles.  During certain crashes, the air bag electronic control unit (ECU) may malfunction, possibly disabling the deployment of the air bags and/or seat belt pretensioners.",2020-01-17,"In the event of a crash, air bags and/or seat belt pretensioners that do not deploy as intended may increase the risk of injury.","Toyota will notify owners, and dealers will inspect the ECU and install a noise filter between the air bag control module and its wire harness, as necessary, free of charge.  Owners were notified of the safety risk beginning March 2, 2020.  A second letter notifying owners of the remedy repair will be mailed between March 16, 2020 and June 27, 2020.  Owners may contact Toyota customer service at 1-888-270-9371.  Toyota's numbers for this recall are 20TB03, 20TA03 and 20TA05.",Toyota Motor Engineering & Manufacturing,EA19001,toyota_corolla_2014,29,37,32,4.0,1.8,Automatic (variable gear ratios),Midsize Cars,281.0,Regular,330,0.066,0.846,0.089,0.0258
toyota,corolla,2014,20V024000,AIR BAGS: AIR BAG/RESTRAINT CONTROL MODULE,"Toyota Motor Engineering & Manufacturing  (Toyota) is recalling certain 2011-2019 Corolla, 2011-2013 Matrix, 2012-2018 Avalon, and 2013-2018 Avalon Hybrid vehicles.  During certain crashes, the air bag electronic control unit (ECU) may malfunction, possibly disabling the deployment of the air bags and/or seat belt pretensioners.",2020-01-17,"In the event of a crash, air bags and/or seat belt pretensioners that do not deploy as intended may increase the risk of injury.","Toyota will notify owners, and dealers will inspect the ECU and install a noise filter between the air bag control module and its wire harness, as necessary, free of charge.  Owners were notified of the safety risk beginning March 2, 2020.  A second letter notifying owners of the remedy repair will be mailed between March 16, 2020 and June 27, 2020.  Owners may contact Toyota customer service at 1-888-270-9371.  Toyota's numbers for this recall are 20TB03, 20TA03 and 20TA05.",Toyota Motor Engineering & Manufacturing,EA19001,toyota_corolla_2014,29,36,32,4.0,1.8,Automatic (AV-S7),Midsize Cars,280.0,Regular,330,0.066,0.846,0.089,0.0258
toyota,corolla,2014,20V024000,AIR BAGS: AIR BAG/RESTRAINT CONTROL MODULE,"Toyota Motor Engineering & Manufacturing  (Toyota) is recalling certain 2011-2019 Corolla, 2011-2013 Matrix, 2012-2018 Avalon, and 2013-2018 Avalon Hybrid vehicles.  During certain crashes, the air bag electronic control unit (ECU) may malfunction, possibly disabling the deployment of the air bags and/or seat belt pretensioners.",2020-01-17,"In the event of a crash, air bags and/or seat belt pretensioners that do not deploy as intended may increase the risk of injury.","Toyota will notify owners, and dealers will inspect the ECU and install a noise filter between the air bag control module and its wire harness, as necessary, free of charge.  Owners were notified of the safety risk beginning March 2, 2020.  A second letter notifying owners of the remedy repair will be mailed between March 16, 2020 and June 27, 2020.  Owners may contact Toyota customer service at 1-888-270-9371.  Toyota's numbers for this recall are 20TB03, 20TA03 and 20TA05.",Toyota Motor Engineering & Manufacturing,EA19001,toyota_corolla_2014,28,36,31,4.0,1.8,Manual 6-spd,Midsize Cars,285.0,Regular,330,0.066,0.846,0.089,0.0258
toyota,prius,2014,18V684000,HYBRID PROPULSION SYSTEM,"Toyota Motor Engineering & Manufacturing (Toyota) is recalling certain 2010-2014 Toyota Prius and 2012-2014 Toyota Prius V vehicles.  Excessive voltage in the Intelligent Power Module (IPM) within the inverter may cause the hybrid system to shut down, causing the vehicle to stall while being driven.",2018-10-04,"If the hybrid system shuts down unexpectedly, it can increase the risk of a crash.","Toyota will notify owners, and dealers will update the software for the motor/generator control electronic control unit (ECU) and the hybrid control ECU as necessary, free of charge.  The recall began January 22, 2019.  Owners may contact Toyota customer service at 1-888-270-9371.  Toyota's number for this recall is J0V.  Note: The software updates in this recall are needed even if the vehicle had the software previously updated under recalls 14V-053 or 15V-449.",Toyota Motor Engineering & Manufacturing,,toyota_prius_2014,49,46,48,4.0,1.8,Automatic (variable gear ratios),Midsize Cars,186.0,Regular,300,0.038,0.853,0.109,0.5106
toyota,prius,2014,14V053000,HYBRID PROPULSION SYSTEM: INVERTER,"Toyota is recalling certain model year 2010 through 2014 Prius vehicles.  In the affected vehicles, the Intelligent Power Module (IPM) inside the inverter module (a component of the hybrid system) contains transistors that may become damaged from high operating temperatures.  If this occurs, various warning lamps will be illuminated on the instrument panel and the vehicle will have reduced power allowing it to only drive a short distance.",2014-02-12,"The vehicle may enter a fail-safe/limp-home mode that limits the drivability of the vehicle.  The hybrid system could also shut down completely resulting in a vehicle stall, increasing the risk of a crash.","Toyota will notify owners and dealers will update the software for both the motor/generator control electronic control unit (ECU) and the hybrid control ECU, free of charge.  If an owner experiences a failure of the inverter before the vehicle receives updated software, the dealer will repair or replace the inverter assembly with a new one at no charge.  The recall began on March 21, 2014.  Owners may contact Toyota at 1-800-331-4331.",Toyota Motor Engineering & Manufacturing,,toyota_prius_2014,49,46,48,4.0,1.8,Automatic (variable gear ratios),Midsize Cars,186.0,Regular,442,0.093,0.838,0.069,-0.2023
toyota,prius,2014,20V369000,HYBRID PROPULSION SYSTEM: INVERTER,"Toyota Motor Engineering & Manufacturing (Toyota) is recalling certain 2013-2015 Prius and 2014-2017 Prius V vehicles not included in recall 18V-684.  Excessive voltage in the Intelligent Power Module (IPM) within the inverter may cause the hybrid system to shut down, causing the vehicle to stall while being driven.",2020-06-24,An unexpected hybrid power system shut down may increase the risk of a crash.,"Toyota will notify owners, and dealers will perform a software update for the hybrid system.  If the vehicle has experienced an inverter failure with certain hybrid system faults related to this condition, the inverter assembly will be repaired or replaced, prior to software update.  All repairs will be performed free of charge.  This recall began July 24, 2020.  Owners may contact Toyota customer service at 1-888-270-9371.  Toyota's number for this recall is 20TB10 / 20TA10.",Toyota Motor Engineering & Manufacturing,,toyota_prius_2014,49,46,48,4.0,1.8,Automatic (variable gear ratios),Midsize Cars,186.0,Regular,317,0.036,0.862,0.102,0.5106
toyota,priuspluginhybrid,2014,17V718000,HYBRID PROPULSION SYSTEM,Toyota Motor Engineering & Manufacturing (Toyota) is recalling certain 2012-2015 Prius Plug-in Hybrid vehicles.  The hybrid battery contains an Electric Vehicle (EV) fuse that may fracture after repeated high-load driving conditions such as climbing long hills.,2017-11-15,The failed fuse may cause the hybrid system to shut down resulting in the loss of power.  Loss of power while driving at higher speeds can increase the risk of a crash.,"Toyota will notify owners, and dealers will replace the EV fuse, free of charge.  The recall is expected to begin January 8, 2018.  Owners may contact Toyota customer service at 1-800-331-4331.  Toyota's number for this recall is H0R.",Toyota Motor Engineering & Manufacturing,,toyota_priuspluginhybrid_2014,51,49,50,4.0,1.8,Automatic (variable gear ratios),Midsize Cars,133.0,Regular Gas and Electricity,261,0.0,0.942,0.058,0.2732
toyota,priusv,2014,18V684000,HYBRID PROPULSION SYSTEM,"Toyota Motor Engineering & Manufacturing (Toyota) is recalling certain 2010-2014 Toyota Prius and 2012-2014 Toyota Prius V vehicles.  Excessive voltage in the Intelligent Power Module (IPM) within the inverter may cause the hybrid system to shut down, causing the vehicle to stall while being driven.",2018-10-04,"If the hybrid system shuts down unexpectedly, it can increase the risk of a crash.","Toyota will notify owners, and dealers will update the software for the motor/generator control electronic control unit (ECU) and the hybrid control ECU as necessary, free of charge.  The recall began January 22, 2019.  Owners may contact Toyota customer service at 1-888-270-9371.  Toyota's number for this recall is J0V.  Note: The software updates in this recall are needed even if the vehicle had the software previously updated under recalls 14V-053 or 15V-449.",Toyota Motor Engineering & Manufacturing,,toyota_priusv_2014,43,39,41,4.0,1.8,Automatic (variable gear ratios),Midsize Station Wagons,217.0,Regular,300,0.038,0.853,0.109,0.5106
toyota,priusv,2014,15V449000,HYBRID PROPULSION SYSTEM: INVERTER,"Toyota Motor Engineering & Manufacturing (Toyota) is recalling certain model year 2012-2014 Prius V vehicles manufactured August 22, 2011, to June 30, 2014.  A component within the hybrid inverter assembly may overheat, causing the hybrid system to reduce output power allowing the vehicle to only drive a short distance.  In some circumstances, the hybrid system may shut down causing the vehicle to stop while being driven.",2015-07-15,"The vehicle may enter a fail-safe/limp-home mode that limits the drivability of the vehicle.  The hybrid system could also shut down completely resulting in a vehicle stall, increasing the risk of a crash.","Toyota will notify owners, and dealers will update the software for the motor/generator control electronic control unti (ECU) and the hybrid control ECU, free of charge.  The recall began on July 30, 2015.  Owners may contact Toyota customer service at 1-888-270-9371.",Toyota Motor Engineering & Manufacturing,,toyota_priusv_2014,43,39,41,4.0,1.8,Automatic (variable gear ratios),Midsize Station Wagons,217.0,Regular,425,0.034,0.933,0.033,-0.0258
toyota,priusv,2014,15V013000,AIR BAGS,"Toyota Motor Engineering & Manufacturing (Toyota) is recalling certain model year 2014-2015 Toyota Prius V vehicles manufactured November 7, 2013, to January 7, 2015.  The occupant classification system (OCS) that activates or deactivates the passenger seat air bag system may be improperly calibrated.  As a result, the passenger air bag may not deploy in a vehicle crash.  As such, these vehicles fail to comply with Federal Motor Vehicle Safety Standard (FMVSS) No. 208, ""Occupant Crash Protection.""",2015-01-16,"If the air bag does not deploy as intended, there is an increased risk of injury in the event of a crash.","Toyota will notify owners, and dealers will re-calibrate of the OCS system, free of charge.  The recall began February 12, 2015.  Owners may contact Toyota customer service at 1-800-331-4331.",Toyota Motor Engineering & Manufacturing,,toyota_priusv_2014,43,39,41,4.0,1.8,Automatic (variable gear ratios),Midsize Station Wagons,217.0,Regular,502,0.135,0.805,0.06,-0.7351
toyota,priusv,2014,20V369000,HYBRID PROPULSION SYSTEM: INVERTER,"Toyota Motor Engineering & Manufacturing (Toyota) is recalling certain 2013-2015 Prius and 2014-2017 Prius V vehicles not included in recall 18V-684.  Excessive voltage in the Intelligent Power Module (IPM) within the inverter may cause the hybrid system to shut down, causing the vehicle to stall while being driven.",2020-06-24,An unexpected hybrid power system shut down may increase the risk of a crash.,"Toyota will notify owners, and dealers will perform a software update for the hybrid system.  If the vehicle has experienced an inverter failure with certain hybrid system faults related to this condition, the inverter assembly will be repaired or replaced, prior to software update.  All repairs will be performed free of charge.  This recall began July 24, 2020.  Owners may contact Toyota customer service at 1-888-270-9371.  Toyota's number for this recall is 20TB10 / 20TA10.",Toyota Motor Engineering & Manufacturing,,toyota_priusv_2014,43,39,41,4.0,1.8,Automatic (variable gear ratios),Midsize Station Wagons,217.0,Regular,317,0.036,0.862,0.102,0.5106
toyota,rav4,2014,14V828000,EQUIPMENT,"Southeast Toyota Distributors, LLC (SET) is recalling certain model year 2014-2015 Toyota 4Runner, Tacoma, FJ Cruiser, Land Cruiser, RAV4, Scion FRS, and XB vehicles.  The affected vehicles may have accessories installed by SET, such as running boards or other items, that were incorrectly installed.  The accessory attaching fasteners were not tightened with the proper torque, possibly causing the accessory to detach from the vehicle.",2014-12-30,Accessories that detach from a vehicle may result in a vehicle crash and/or personal injury.,"SET will notify owners, and dealers will inspect and tighten the affected bolts, free of charge. The recall began February 23, 2015. Owners may contact SET customer service at 1-866-405-4226. SET's number for this recall is SET-14B.","Southeast Toyota Distributors, LLC",,toyota_rav4_2014,23,30,26,4.0,2.5,Automatic (S6),Small Sport Utility Vehicle 2WD,338.0,Regular,437,0.024,0.944,0.032,0.128
toyota,rav4,2014,15V011000,TRAILER HITCHES,"Southeast Toyota Distributors, LLC (SET) is recalling certain model year 2013-2015 Toyota Rav4 vehicles manufactured June 1, 2013, to December 29, 2014, and equipped with an accessory trailer light module.  The software within the module may incorrectly detect an electrical short and preventively turn off the electrical current and the trailer lights.",2015-01-16,"If the system incorrectly detects an electrical short and turns off the trailer lights while the trailer is being towed at night, there is an increased risk of a crash.","SET will notify owners, and dealers will replace the trailer light module with a new unit with corrected software, free of charge.  The recall began on March 17, 2015.  Owners may contact SET customer service at 1-866-405-4226. SET's number for this recall is SET-15A.","Southeast Toyota Distributors, LLC",,toyota_rav4_2014,23,30,26,4.0,2.5,Automatic (S6),Small Sport Utility Vehicle 2WD,338.0,Regular,353,0.0,0.96,0.04,0.2732
toyota,rav4,2014,15V144000,STEERING:ELECTRIC POWER ASSIST SYSTEM,"Toyota Motor Engineering & Manufacturing (Toyota) is recalling certain model year 2015 Camry, Camry Hybrid, Highlander, and Highlander Hybrid, and 2014-2015 Rav4 vehicles.  A component of the electric power steering (EPS) electronic control unit (ECU) may have been damaged during the manufacturing process.  Over time, this damage may result in failure of the electric power steering system.",2015-03-13,An unexpected loss of power steering increases the risk of a crash.,"Toyota will notify owners, and dealers will inspect the serial number of the EPS ECU or steering column assembly.   If the number is within the affected range, the EPS ECU will be replaced, free of charge.  The recall began on May 7, 2015.  Owners may contact Toyota customer service at 1-800-331-4331.",Toyota Motor Engineering & Manufacturing,,toyota_rav4_2014,23,30,26,4.0,2.5,Automatic (S6),Small Sport Utility Vehicle 2WD,338.0,Regular,392,0.158,0.809,0.033,-0.8338
toyota,rav4,2014,23V734000,ELECTRICAL SYSTEM:12V/24V/48V BATTERY,"Toyota Motor Engineering & Manufacturing (Toyota) is recalling certain 2013-2018 RAV4 vehicles.  Certain replacement 12-volt batteries may not fit properly in the battery tray, allowing the battery to move and contact the hold-down bracket, possibly causing a short circuit.",2023-11-01,A battery short circuit increases the risk of a fire.,"Dealers will replace the battery clamp sub-assembly, battery tray, and positive terminal cover, free of charge.  Owner letters were mailed December 27, 2024, to 2013-2014 RAV4 owners.  Additional owner notification letters will be mailed in phases, phase 2 will begin on May 14, 2025, and phase 3 in late July 2025.  Owners may contact Toyota's customer service at 1-800-331-4331.  Toyota's numbers for this recall are 23TB13 and 23TA13.",Toyota Motor Engineering & Manufacturing,PE21005,toyota_rav4_2014,23,30,26,4.0,2.5,Automatic (S6),Small Sport Utility Vehicle 2WD,338.0,Regular,274,0.052,0.843,0.104,0.2709
toyota,venza,2014,21V257000,AIR BAGS:SIDE/WINDOW:CURTAIN,Toyota Motor Engineering & Manufacturing (Toyota) is recalling certain 2009-2015 Venza vehicles.  The Supplemental Restraint System (SRS) wiring may become damaged with regular use of the driver-side door.,2021-04-13,"Damaged wires may cause the air bag sensor to become inoperable, preventing the deployment of the side and curtain air bags on the driver side and increasing the risk of injury during a crash.","Dealers will inspect and, if necessary, replace the driver-side front door wire harness, free of charge.  Owner notification letters were mailed October 19, 2021.  Owners may contact Toyota customer service at 1-800-331-4331.  Toyota's number for this recall is 21TB01/21TA01.",Toyota Motor Engineering & Manufacturing,,toyota_venza_2014,20,26,23,4.0,2.7,Automatic (S6),Small Sport Utility Vehicle 2WD,392.0,Regular,205,0.097,0.833,0.07,-0.2023
toyota,venza,2014,21V257000,AIR BAGS:SIDE/WINDOW:CURTAIN,Toyota Motor Engineering & Manufacturing (Toyota) is recalling certain 2009-2015 Venza vehicles.  The Supplemental Restraint System (SRS) wiring may become damaged with regular use of the driver-side door.,2021-04-13,"Damaged wires may cause the air bag sensor to become inoperable, preventing the deployment of the side and curtain air bags on the driver side and increasing the risk of injury during a crash.","Dealers will inspect and, if necessary, replace the driver-side front door wire harness, free of charge.  Owner notification letters were mailed October 19, 2021.  Owners may contact Toyota customer service at 1-800-331-4331.  Toyota's number for this recall is 21TB01/21TA01.",Toyota Motor Engineering & Manufacturing,,toyota_venza_2014,19,26,21,6.0,3.5,Automatic (S6),Small Sport Utility Vehicle 2WD,413.0,Regular,205,0.097,0.833,0.07,-0.2023
toyota,yaris,2014,15V134000,STRUCTURE,"Toyota Motor Engineering & Manufacturing (Toyota) is recalling certain model year 2012-2015 Yaris vehicles manufactured August 31, 2011, to February 9, 2015, and sold or registered in Puerto Rico. The affected vehicles may have been manufactured with a roof headliner that does not provide the proper occupant protection in the event of a crash.  As such, these vehicles fail to comply with the requirements of Federal Motor Vehicle Safety Standard (FMVSS) No. 201, "" Occupant Protection in Interior Impact.""",2015-03-09,"If the vehicles are equipped with a headliner that does not meet the impact requirements, there is an increased risk of occupantl injury in the event of a crash.","Toyota will notify owners, and dealers will replace the headliner, free of charge. The recall began on June 22, 2015.  Owners may contact Toyota customer service at 1-800-331-4331.",Toyota Motor Engineering & Manufacturing,,toyota_yaris_2014,30,36,33,4.0,1.5,Manual 5-spd,Compact Cars,271.0,Regular,508,0.119,0.822,0.058,-0.6249
toyota,yaris,2014,15V134000,STRUCTURE,"Toyota Motor Engineering & Manufacturing (Toyota) is recalling certain model year 2012-2015 Yaris vehicles manufactured August 31, 2011, to February 9, 2015, and sold or registered in Puerto Rico. The affected vehicles may have been manufactured with a roof headliner that does not provide the proper occupant protection in the event of a crash.  As such, these vehicles fail to comply with the requirements of Federal Motor Vehicle Safety Standard (FMVSS) No. 201, "" Occupant Protection in Interior Impact.""",2015-03-09,"If the vehicles are equipped with a headliner that does not meet the impact requirements, there is an increased risk of occupantl injury in the event of a crash.","Toyota will notify owners, and dealers will replace the headliner, free of charge. The recall began on June 22, 2015.  Owners may contact Toyota customer service at 1-800-331-4331.",Toyota Motor Engineering & Manufacturing,,toyota_yaris_2014,30,35,32,4.0,1.5,Automatic 4-spd,Compact Cars,278.0,Regular,508,0.119,0.822,0.058,-0.6249
toyota,avalon,2015,15V728000,FORWARD COLLISION AVOIDANCE: CRASH IMMINENT BRAKING,"Toyota Motor Engineering & Manufacturing (Toyota) is recalling certain model year 2013-2015 Avalon and Avalon Hybrid vehicles manufactured October 19, 2012 to October 27, 2015 and 2013-2015 Lexus ES350 and ES300h vehicles manufactured June 18, 2012 to July 6, 2015.  The affected vehicles are equipped with a Pre-Collision System (PCS) as optional equipment.  In these vehicles, the PCS may unexpectedly activate and apply the brakes when the radar detects a steel joint or plate in the roadway as an object.",2015-11-03,A vehicle that unexpectedly brakes increases the risk of a crash.,"Toyota will notify owners, and dealers will replace certain PCS components, free of charge.  The recall began on July 28, 2016.  Owners may contact Toyota at 1-888-270-9371.  Toyota's numbers for this campaign are F1V and F2E.",Toyota Motor Engineering & Manufacturing,,toyota_avalon_2015,21,30,24,6.0,3.5,Automatic (S6),Midsize Cars,365.0,Regular,508,0.02,0.953,0.027,0.128
toyota,avalon,2015,20V024000,AIR BAGS: AIR BAG/RESTRAINT CONTROL MODULE,"Toyota Motor Engineering & Manufacturing  (Toyota) is recalling certain 2011-2019 Corolla, 2011-2013 Matrix, 2012-2018 Avalon, and 2013-2018 Avalon Hybrid vehicles.  During certain crashes, the air bag electronic control unit (ECU) may malfunction, possibly disabling the deployment of the air bags and/or seat belt pretensioners.",2020-01-17,"In the event of a crash, air bags and/or seat belt pretensioners that do not deploy as intended may increase the risk of injury.","Toyota will notify owners, and dealers will inspect the ECU and install a noise filter between the air bag control module and its wire harness, as necessary, free of charge.  Owners were notified of the safety risk beginning March 2, 2020.  A second letter notifying owners of the remedy repair will be mailed between March 16, 2020 and June 27, 2020.  Owners may contact Toyota customer service at 1-888-270-9371.  Toyota's numbers for this recall are 20TB03, 20TA03 and 20TA05.",Toyota Motor Engineering & Manufacturing,EA19001,toyota_avalon_2015,21,30,24,6.0,3.5,Automatic (S6),Midsize Cars,365.0,Regular,330,0.066,0.846,0.089,0.0258
toyota,avalonhybrid,2015,20V024000,AIR BAGS: AIR BAG/RESTRAINT CONTROL MODULE,"Toyota Motor Engineering & Manufacturing  (Toyota) is recalling certain 2011-2019 Corolla, 2011-2013 Matrix, 2012-2018 Avalon, and 2013-2018 Avalon Hybrid vehicles.  During certain crashes, the air bag electronic control unit (ECU) may malfunction, possibly disabling the deployment of the air bags and/or seat belt pretensioners.",2020-01-17,"In the event of a crash, air bags and/or seat belt pretensioners that do not deploy as intended may increase the risk of injury.","Toyota will notify owners, and dealers will inspect the ECU and install a noise filter between the air bag control module and its wire harness, as necessary, free of charge.  Owners were notified of the safety risk beginning March 2, 2020.  A second letter notifying owners of the remedy repair will be mailed between March 16, 2020 and June 27, 2020.  Owners may contact Toyota customer service at 1-888-270-9371.  Toyota's numbers for this recall are 20TB03, 20TA03 and 20TA05.",Toyota Motor Engineering & Manufacturing,EA19001,toyota_avalonhybrid_2015,40,39,40,4.0,2.5,Automatic (AV-S6),Midsize Cars,223.0,Regular,330,0.066,0.846,0.089,0.0258
toyota,avalonhybrid,2015,15V728000,FORWARD COLLISION AVOIDANCE: CRASH IMMINENT BRAKING,"Toyota Motor Engineering & Manufacturing (Toyota) is recalling certain model year 2013-2015 Avalon and Avalon Hybrid vehicles manufactured October 19, 2012 to October 27, 2015 and 2013-2015 Lexus ES350 and ES300h vehicles manufactured June 18, 2012 to July 6, 2015.  The affected vehicles are equipped with a Pre-Collision System (PCS) as optional equipment.  In these vehicles, the PCS may unexpectedly activate and apply the brakes when the radar detects a steel joint or plate in the roadway as an object.",2015-11-03,A vehicle that unexpectedly brakes increases the risk of a crash.,"Toyota will notify owners, and dealers will replace certain PCS components, free of charge.  The recall began on July 28, 2016.  Owners may contact Toyota at 1-888-270-9371.  Toyota's numbers for this campaign are F1V and F2E.",Toyota Motor Engineering & Manufacturing,,toyota_avalonhybrid_2015,40,39,40,4.0,2.5,Automatic (AV-S6),Midsize Cars,223.0,Regular,508,0.02,0.953,0.027,0.128
toyota,camry,2015,15V144000,STEERING:ELECTRIC POWER ASSIST SYSTEM,"Toyota Motor Engineering & Manufacturing (Toyota) is recalling certain model year 2015 Camry, Camry Hybrid, Highlander, and Highlander Hybrid, and 2014-2015 Rav4 vehicles.  A component of the electric power steering (EPS) electronic control unit (ECU) may have been damaged during the manufacturing process.  Over time, this damage may result in failure of the electric power steering system.",2015-03-13,An unexpected loss of power steering increases the risk of a crash.,"Toyota will notify owners, and dealers will inspect the serial number of the EPS ECU or steering column assembly.   If the number is within the affected range, the EPS ECU will be replaced, free of charge.  The recall began on May 7, 2015.  Owners may contact Toyota customer service at 1-800-331-4331.",Toyota Motor Engineering & Manufacturing,,toyota_camry_2015,25,34,28,4.0,2.5,Automatic (S6),Midsize Cars,313.0,Regular,392,0.158,0.809,0.033,-0.8338
toyota,camry,2015,15V144000,STEERING:ELECTRIC POWER ASSIST SYSTEM,"Toyota Motor Engineering & Manufacturing (Toyota) is recalling certain model year 2015 Camry, Camry Hybrid, Highlander, and Highlander Hybrid, and 2014-2015 Rav4 vehicles.  A component of the electric power steering (EPS) electronic control unit (ECU) may have been damaged during the manufacturing process.  Over time, this damage may result in failure of the electric power steering system.",2015-03-13,An unexpected loss of power steering increases the risk of a crash.,"Toyota will notify owners, and dealers will inspect the serial number of the EPS ECU or steering column assembly.   If the number is within the affected range, the EPS ECU will be replaced, free of charge.  The recall began on May 7, 2015.  Owners may contact Toyota customer service at 1-800-331-4331.",Toyota Motor Engineering & Manufacturing,,toyota_camry_2015,21,30,25,6.0,3.5,Automatic (S6),Midsize Cars,361.0,Regular,392,0.158,0.809,0.033,-0.8338
toyota,corolla,2015,20V024000,AIR BAGS: AIR BAG/RESTRAINT CONTROL MODULE,"Toyota Motor Engineering & Manufacturing  (Toyota) is recalling certain 2011-2019 Corolla, 2011-2013 Matrix, 2012-2018 Avalon, and 2013-2018 Avalon Hybrid vehicles.  During certain crashes, the air bag electronic control unit (ECU) may malfunction, possibly disabling the deployment of the air bags and/or seat belt pretensioners.",2020-01-17,"In the event of a crash, air bags and/or seat belt pretensioners that do not deploy as intended may increase the risk of injury.","Toyota will notify owners, and dealers will inspect the ECU and install a noise filter between the air bag control module and its wire harness, as necessary, free of charge.  Owners were notified of the safety risk beginning March 2, 2020.  A second letter notifying owners of the remedy repair will be mailed between March 16, 2020 and June 27, 2020.  Owners may contact Toyota customer service at 1-888-270-9371.  Toyota's numbers for this recall are 20TB03, 20TA03 and 20TA05.",Toyota Motor Engineering & Manufacturing,EA19001,toyota_corolla_2015,29,37,32,4.0,1.8,Automatic (variable gear ratios),Midsize Cars,281.0,Regular,330,0.066,0.846,0.089,0.0258
toyota,corolla,2015,20V024000,AIR BAGS: AIR BAG/RESTRAINT CONTROL MODULE,"Toyota Motor Engineering & Manufacturing  (Toyota) is recalling certain 2011-2019 Corolla, 2011-2013 Matrix, 2012-2018 Avalon, and 2013-2018 Avalon Hybrid vehicles.  During certain crashes, the air bag electronic control unit (ECU) may malfunction, possibly disabling the deployment of the air bags and/or seat belt pretensioners.",2020-01-17,"In the event of a crash, air bags and/or seat belt pretensioners that do not deploy as intended may increase the risk of injury.","Toyota will notify owners, and dealers will inspect the ECU and install a noise filter between the air bag control module and its wire harness, as necessary, free of charge.  Owners were notified of the safety risk beginning March 2, 2020.  A second letter notifying owners of the remedy repair will be mailed between March 16, 2020 and June 27, 2020.  Owners may contact Toyota customer service at 1-888-270-9371.  Toyota's numbers for this recall are 20TB03, 20TA03 and 20TA05.",Toyota Motor Engineering & Manufacturing,EA19001,toyota_corolla_2015,27,35,30,4.0,1.8,Automatic 4-spd,Midsize Cars,291.0,Regular,330,0.066,0.846,0.089,0.0258
toyota,corolla,2015,20V024000,AIR BAGS: AIR BAG/RESTRAINT CONTROL MODULE,"Toyota Motor Engineering & Manufacturing  (Toyota) is recalling certain 2011-2019 Corolla, 2011-2013 Matrix, 2012-2018 Avalon, and 2013-2018 Avalon Hybrid vehicles.  During certain crashes, the air bag electronic control unit (ECU) may malfunction, possibly disabling the deployment of the air bags and/or seat belt pretensioners.",2020-01-17,"In the event of a crash, air bags and/or seat belt pretensioners that do not deploy as intended may increase the risk of injury.","Toyota will notify owners, and dealers will inspect the ECU and install a noise filter between the air bag control module and its wire harness, as necessary, free of charge.  Owners were notified of the safety risk beginning March 2, 2020.  A second letter notifying owners of the remedy repair will be mailed between March 16, 2020 and June 27, 2020.  Owners may contact Toyota customer service at 1-888-270-9371.  Toyota's numbers for this recall are 20TB03, 20TA03 and 20TA05.",Toyota Motor Engineering & Manufacturing,EA19001,toyota_corolla_2015,28,36,31,4.0,1.8,Manual 6-spd,Midsize Cars,285.0,Regular,330,0.066,0.846,0.089,0.0258
toyota,corolla,2015,20V024000,AIR BAGS: AIR BAG/RESTRAINT CONTROL MODULE,"Toyota Motor Engineering & Manufacturing  (Toyota) is recalling certain 2011-2019 Corolla, 2011-2013 Matrix, 2012-2018 Avalon, and 2013-2018 Avalon Hybrid vehicles.  During certain crashes, the air bag electronic control unit (ECU) may malfunction, possibly disabling the deployment of the air bags and/or seat belt pretensioners.",2020-01-17,"In the event of a crash, air bags and/or seat belt pretensioners that do not deploy as intended may increase the risk of injury.","Toyota will notify owners, and dealers will inspect the ECU and install a noise filter between the air bag control module and its wire harness, as necessary, free of charge.  Owners were notified of the safety risk beginning March 2, 2020.  A second letter notifying owners of the remedy repair will be mailed between March 16, 2020 and June 27, 2020.  Owners may contact Toyota customer service at 1-888-270-9371.  Toyota's numbers for this recall are 20TB03, 20TA03 and 20TA05.",Toyota Motor Engineering & Manufacturing,EA19001,toyota_corolla_2015,28,36,31,4.0,1.8,Automatic (AV-S7),Midsize Cars,283.0,Regular,330,0.066,0.846,0.089,0.0258
toyota,prius,2015,20V369000,HYBRID PROPULSION SYSTEM: INVERTER,"Toyota Motor Engineering & Manufacturing (Toyota) is recalling certain 2013-2015 Prius and 2014-2017 Prius V vehicles not included in recall 18V-684.  Excessive voltage in the Intelligent Power Module (IPM) within the inverter may cause the hybrid system to shut down, causing the vehicle to stall while being driven.",2020-06-24,An unexpected hybrid power system shut down may increase the risk of a crash.,"Toyota will notify owners, and dealers will perform a software update for the hybrid system.  If the vehicle has experienced an inverter failure with certain hybrid system faults related to this condition, the inverter assembly will be repaired or replaced, prior to software update.  All repairs will be performed free of charge.  This recall began July 24, 2020.  Owners may contact Toyota customer service at 1-888-270-9371.  Toyota's number for this recall is 20TB10 / 20TA10.",Toyota Motor Engineering & Manufacturing,,toyota_prius_2015,50,46,48,4.0,1.8,Automatic (variable gear ratios),Midsize Cars,185.0,Regular,317,0.036,0.862,0.102,0.5106
toyota,priuspluginhybrid,2015,17V718000,HYBRID PROPULSION SYSTEM,Toyota Motor Engineering & Manufacturing (Toyota) is recalling certain 2012-2015 Prius Plug-in Hybrid vehicles.  The hybrid battery contains an Electric Vehicle (EV) fuse that may fracture after repeated high-load driving conditions such as climbing long hills.,2017-11-15,The failed fuse may cause the hybrid system to shut down resulting in the loss of power.  Loss of power while driving at higher speeds can increase the risk of a crash.,"Toyota will notify owners, and dealers will replace the EV fuse, free of charge.  The recall is expected to begin January 8, 2018.  Owners may contact Toyota customer service at 1-800-331-4331.  Toyota's number for this recall is H0R.",Toyota Motor Engineering & Manufacturing,,toyota_priuspluginhybrid_2015,51,49,50,4.0,1.8,Automatic (variable gear ratios),Midsize Cars,133.0,Regular Gas and Electricity,261,0.0,0.942,0.058,0.2732
toyota,priusc,2015,15V514000,TIRES:PRESSURE MONITORING AND REGULATING SYSTEMS,"Southeast Toyota Distributors, LLC (SET) is recalling certain model year 2015 Toyota Prius C vehicles manufactured April 20, 2015, to June 30, 2015.  In the affected vehicles, the Tire Pressure Monitoring System (TPMS) may be improperly calibrated and, as a result, the TPMS may fail to warn the driver that the tire pressure is low.  As such, these vehicles fail to comply with the requirements of Federal Motor Vehicle Safety Standard (FMVSS) No. 138, ""Tire Pressure Monitoring Systems.""",2015-08-13,"If the vehicle is driven on underinflated tires, the tires may fail.  Sudden tire failure increases the risk of a crash.","SET will notify owners, and dealers will re-calibrate the TPMS, free of charge.  The recall began on September 15, 2015.  Owners may contact SET customer service at 1-866-405-4226.  SET's number for this recall is SET15E.","Southeast Toyota Distributors, LLC",,toyota_priusc_2015,53,46,50,4.0,1.5,Automatic (variable gear ratios),Compact Cars,178.0,Regular,489,0.23,0.716,0.054,-0.9186
toyota,priusv,2015,15V013000,AIR BAGS,"Toyota Motor Engineering & Manufacturing (Toyota) is recalling certain model year 2014-2015 Toyota Prius V vehicles manufactured November 7, 2013, to January 7, 2015.  The occupant classification system (OCS) that activates or deactivates the passenger seat air bag system may be improperly calibrated.  As a result, the passenger air bag may not deploy in a vehicle crash.  As such, these vehicles fail to comply with Federal Motor Vehicle Safety Standard (FMVSS) No. 208, ""Occupant Crash Protection.""",2015-01-16,"If the air bag does not deploy as intended, there is an increased risk of injury in the event of a crash.","Toyota will notify owners, and dealers will re-calibrate of the OCS system, free of charge.  The recall began February 12, 2015.  Owners may contact Toyota customer service at 1-800-331-4331.",Toyota Motor Engineering & Manufacturing,,toyota_priusv_2015,43,39,41,4.0,1.8,Automatic (variable gear ratios),Midsize Station Wagons,217.0,Regular,502,0.135,0.805,0.06,-0.7351
toyota,priusv,2015,20V369000,HYBRID PROPULSION SYSTEM: INVERTER,"Toyota Motor Engineering & Manufacturing (Toyota) is recalling certain 2013-2015 Prius and 2014-2017 Prius V vehicles not included in recall 18V-684.  Excessive voltage in the Intelligent Power Module (IPM) within the inverter may cause the hybrid system to shut down, causing the vehicle to stall while being driven.",2020-06-24,An unexpected hybrid power system shut down may increase the risk of a crash.,"Toyota will notify owners, and dealers will perform a software update for the hybrid system.  If the vehicle has experienced an inverter failure with certain hybrid system faults related to this condition, the inverter assembly will be repaired or replaced, prior to software update.  All repairs will be performed free of charge.  This recall began July 24, 2020.  Owners may contact Toyota customer service at 1-888-270-9371.  Toyota's number for this recall is 20TB10 / 20TA10.",Toyota Motor Engineering & Manufacturing,,toyota_priusv_2015,43,39,41,4.0,1.8,Automatic (variable gear ratios),Midsize Station Wagons,217.0,Regular,317,0.036,0.862,0.102,0.5106
toyota,rav4,2015,14V828000,EQUIPMENT,"Southeast Toyota Distributors, LLC (SET) is recalling certain model year 2014-2015 Toyota 4Runner, Tacoma, FJ Cruiser, Land Cruiser, RAV4, Scion FRS, and XB vehicles.  The affected vehicles may have accessories installed by SET, such as running boards or other items, that were incorrectly installed.  The accessory attaching fasteners were not tightened with the proper torque, possibly causing the accessory to detach from the vehicle.",2014-12-30,Accessories that detach from a vehicle may result in a vehicle crash and/or personal injury.,"SET will notify owners, and dealers will inspect and tighten the affected bolts, free of charge. The recall began February 23, 2015. Owners may contact SET customer service at 1-866-405-4226. SET's number for this recall is SET-14B.","Southeast Toyota Distributors, LLC",,toyota_rav4_2015,23,30,26,4.0,2.5,Automatic (S6),Small Sport Utility Vehicle 2WD,344.0,Regular,437,0.024,0.944,0.032,0.128
toyota,rav4,2015,15V011000,TRAILER HITCHES,"Southeast Toyota Distributors, LLC (SET) is recalling certain model year 2013-2015 Toyota Rav4 vehicles manufactured June 1, 2013, to December 29, 2014, and equipped with an accessory trailer light module.  The software within the module may incorrectly detect an electrical short and preventively turn off the electrical current and the trailer lights.",2015-01-16,"If the system incorrectly detects an electrical short and turns off the trailer lights while the trailer is being towed at night, there is an increased risk of a crash.","SET will notify owners, and dealers will replace the trailer light module with a new unit with corrected software, free of charge.  The recall began on March 17, 2015.  Owners may contact SET customer service at 1-866-405-4226. SET's number for this recall is SET-15A.","Southeast Toyota Distributors, LLC",,toyota_rav4_2015,23,30,26,4.0,2.5,Automatic (S6),Small Sport Utility Vehicle 2WD,344.0,Regular,353,0.0,0.96,0.04,0.2732
toyota,rav4,2015,15V144000,STEERING:ELECTRIC POWER ASSIST SYSTEM,"Toyota Motor Engineering & Manufacturing (Toyota) is recalling certain model year 2015 Camry, Camry Hybrid, Highlander, and Highlander Hybrid, and 2014-2015 Rav4 vehicles.  A component of the electric power steering (EPS) electronic control unit (ECU) may have been damaged during the manufacturing process.  Over time, this damage may result in failure of the electric power steering system.",2015-03-13,An unexpected loss of power steering increases the risk of a crash.,"Toyota will notify owners, and dealers will inspect the serial number of the EPS ECU or steering column assembly.   If the number is within the affected range, the EPS ECU will be replaced, free of charge.  The recall began on May 7, 2015.  Owners may contact Toyota customer service at 1-800-331-4331.",Toyota Motor Engineering & Manufacturing,,toyota_rav4_2015,23,30,26,4.0,2.5,Automatic (S6),Small Sport Utility Vehicle 2WD,344.0,Regular,392,0.158,0.809,0.033,-0.8338
toyota,rav4,2015,23V734000,ELECTRICAL SYSTEM:12V/24V/48V BATTERY,"Toyota Motor Engineering & Manufacturing (Toyota) is recalling certain 2013-2018 RAV4 vehicles.  Certain replacement 12-volt batteries may not fit properly in the battery tray, allowing the battery to move and contact the hold-down bracket, possibly causing a short circuit.",2023-11-01,A battery short circuit increases the risk of a fire.,"Dealers will replace the battery clamp sub-assembly, battery tray, and positive terminal cover, free of charge.  Owner letters were mailed December 27, 2024, to 2013-2014 RAV4 owners.  Additional owner notification letters will be mailed in phases, phase 2 will begin on May 14, 2025, and phase 3 in late July 2025.  Owners may contact Toyota's customer service at 1-800-331-4331.  Toyota's numbers for this recall are 23TB13 and 23TA13.",Toyota Motor Engineering & Manufacturing,PE21005,toyota_rav4_2015,23,30,26,4.0,2.5,Automatic (S6),Small Sport Utility Vehicle 2WD,344.0,Regular,274,0.052,0.843,0.104,0.2709
toyota,venza,2015,21V257000,AIR BAGS:SIDE/WINDOW:CURTAIN,Toyota Motor Engineering & Manufacturing (Toyota) is recalling certain 2009-2015 Venza vehicles.  The Supplemental Restraint System (SRS) wiring may become damaged with regular use of the driver-side door.,2021-04-13,"Damaged wires may cause the air bag sensor to become inoperable, preventing the deployment of the side and curtain air bags on the driver side and increasing the risk of injury during a crash.","Dealers will inspect and, if necessary, replace the driver-side front door wire harness, free of charge.  Owner notification letters were mailed October 19, 2021.  Owners may contact Toyota customer service at 1-800-331-4331.  Toyota's number for this recall is 21TB01/21TA01.",Toyota Motor Engineering & Manufacturing,,toyota_venza_2015,20,26,23,4.0,2.7,Automatic (S6),Small Sport Utility Vehicle 2WD,392.0,Regular,205,0.097,0.833,0.07,-0.2023
toyota,venza,2015,21V257000,AIR BAGS:SIDE/WINDOW:CURTAIN,Toyota Motor Engineering & Manufacturing (Toyota) is recalling certain 2009-2015 Venza vehicles.  The Supplemental Restraint System (SRS) wiring may become damaged with regular use of the driver-side door.,2021-04-13,"Damaged wires may cause the air bag sensor to become inoperable, preventing the deployment of the side and curtain air bags on the driver side and increasing the risk of injury during a crash.","Dealers will inspect and, if necessary, replace the driver-side front door wire harness, free of charge.  Owner notification letters were mailed October 19, 2021.  Owners may contact Toyota customer service at 1-800-331-4331.  Toyota's number for this recall is 21TB01/21TA01.",Toyota Motor Engineering & Manufacturing,,toyota_venza_2015,19,26,21,6.0,3.5,Automatic (S6),Small Sport Utility Vehicle 2WD,413.0,Regular,205,0.097,0.833,0.07,-0.2023
toyota,yaris,2015,19V319000,AIR BAGS:SIDE/WINDOW,"Toyota Motor Engineering & Manufacturing (Toyota) is recalling certain 2015-2017 Yaris vehicles.  The wire harnesses for the side air bag sensors located within the front doors may crack and corrode, possibly causing the non-deployment or improper deployment of the front seat side air bags and the curtain shield air bags.",2019-04-23,"In the event of a crash, front seat side air bags and curtain shield air bags that do not deploy as intended can increase the risk of injury.","Toyota will notify owners, and dealers will replace the wire harness assembly in the front doors, as necessary, free of charge.  The recall began June 7, 2019.  Owners may contact Toyota customer service at 1-888-270-9371.  Toyota's number for this recall is K1F/K0F.",Toyota Motor Engineering & Manufacturing,,toyota_yaris_2015,30,35,32,4.0,1.5,Automatic 4-spd,Compact Cars,278.0,Regular,323,0.0,0.958,0.042,0.2732
toyota,yaris,2015,19V319000,AIR BAGS:SIDE/WINDOW,"Toyota Motor Engineering & Manufacturing (Toyota) is recalling certain 2015-2017 Yaris vehicles.  The wire harnesses for the side air bag sensors located within the front doors may crack and corrode, possibly causing the non-deployment or improper deployment of the front seat side air bags and the curtain shield air bags.",2019-04-23,"In the event of a crash, front seat side air bags and curtain shield air bags that do not deploy as intended can increase the risk of injury.","Toyota will notify owners, and dealers will replace the wire harness assembly in the front doors, as necessary, free of charge.  The recall began June 7, 2019.  Owners may contact Toyota customer service at 1-888-270-9371.  Toyota's number for this recall is K1F/K0F.",Toyota Motor Engineering & Manufacturing,,toyota_yaris_2015,30,36,33,4.0,1.5,Manual 5-spd,Compact Cars,271.0,Regular,323,0.0,0.958,0.042,0.2732
toyota,yaris,2015,16V367000,SUSPENSION:FRONT:SHOCK ABSORBER,"Toyota Motor Engineering & Manufacturing (Toyota) is recalling certain model year 2015 Yaris vehicles manufactured January 13, 2015, to February 27, 2015.  The front strut mounting bearings can be damaged when a high load is applied to the strut, such as driving over a large bump.",2016-05-26,"A damaged strut mounting bearing may cause the strut rod to separate, causing a loss of vehicle stability and increasing the risk of a crash.","Toyota will notify owners, and dealers will replace the strut mounting bearings and, as necessary, replace the strut and front suspension support sub-assembly, free of charge.  Remedy parts are currently unavailable.  Interim notices were mailed to owners July 12, 2016.  The recall began on September 29, 2016.  Owners may contact Toyota customer service at 1-800-331-4331. Toyota's number for this recall is G0S.",Toyota Motor Engineering & Manufacturing,,toyota_yaris_2015,30,35,32,4.0,1.5,Automatic 4-spd,Compact Cars,278.0,Regular,281,0.063,0.891,0.046,-0.2023
toyota,yaris,2015,16V367000,SUSPENSION:FRONT:SHOCK ABSORBER,"Toyota Motor Engineering & Manufacturing (Toyota) is recalling certain model year 2015 Yaris vehicles manufactured January 13, 2015, to February 27, 2015.  The front strut mounting bearings can be damaged when a high load is applied to the strut, such as driving over a large bump.",2016-05-26,"A damaged strut mounting bearing may cause the strut rod to separate, causing a loss of vehicle stability and increasing the risk of a crash.","Toyota will notify owners, and dealers will replace the strut mounting bearings and, as necessary, replace the strut and front suspension support sub-assembly, free of charge.  Remedy parts are currently unavailable.  Interim notices were mailed to owners July 12, 2016.  The recall began on September 29, 2016.  Owners may contact Toyota customer service at 1-800-331-4331. Toyota's number for this recall is G0S.",Toyota Motor Engineering & Manufacturing,,toyota_yaris_2015,30,36,33,4.0,1.5,Manual 5-spd,Compact Cars,271.0,Regular,281,0.063,0.891,0.046,-0.2023
toyota,yaris,2015,15V134000,STRUCTURE,"Toyota Motor Engineering & Manufacturing (Toyota) is recalling certain model year 2012-2015 Yaris vehicles manufactured August 31, 2011, to February 9, 2015, and sold or registered in Puerto Rico. The affected vehicles may have been manufactured with a roof headliner that does not provide the proper occupant protection in the event of a crash.  As such, these vehicles fail to comply with the requirements of Federal Motor Vehicle Safety Standard (FMVSS) No. 201, "" Occupant Protection in Interior Impact.""",2015-03-09,"If the vehicles are equipped with a headliner that does not meet the impact requirements, there is an increased risk of occupantl injury in the event of a crash.","Toyota will notify owners, and dealers will replace the headliner, free of charge. The recall began on June 22, 2015.  Owners may contact Toyota customer service at 1-800-331-4331.",Toyota Motor Engineering & Manufacturing,,toyota_yaris_2015,30,35,32,4.0,1.5,Automatic 4-spd,Compact Cars,278.0,Regular,508,0.119,0.822,0.058,-0.6249
toyota,yaris,2015,15V134000,STRUCTURE,"Toyota Motor Engineering & Manufacturing (Toyota) is recalling certain model year 2012-2015 Yaris vehicles manufactured August 31, 2011, to February 9, 2015, and sold or registered in Puerto Rico. The affected vehicles may have been manufactured with a roof headliner that does not provide the proper occupant protection in the event of a crash.  As such, these vehicles fail to comply with the requirements of Federal Motor Vehicle Safety Standard (FMVSS) No. 201, "" Occupant Protection in Interior Impact.""",2015-03-09,"If the vehicles are equipped with a headliner that does not meet the impact requirements, there is an increased risk of occupantl injury in the event of a crash.","Toyota will notify owners, and dealers will replace the headliner, free of charge. The recall began on June 22, 2015.  Owners may contact Toyota customer service at 1-800-331-4331.",Toyota Motor Engineering & Manufacturing,,toyota_yaris_2015,30,36,33,4.0,1.5,Manual 5-spd,Compact Cars,271.0,Regular,508,0.119,0.822,0.058,-0.6249
toyota,yaris,2015,15V098000,SUSPENSION:REAR:AXLE:NON-POWERED AXLE ASSEMBLY,"Toyota Motor Engineering & Manufacturing (Toyota) is recalling certain model year 2015 Yaris vehicles manufactured September 8, 2014, to January 9, 2015. The affected vehicles may have improperly tightened rear axle bearing bolts.",2015-02-19,"The improperly tightened bolts may loosen during vehicle operation and may potentially cause the wheel to lock up or may damage the rear brake components, reducing their effectiveness.  Either condition increases the risk of a crash.","Toyota will notify owners, and dealers will inspect the rear axle bearing bolts, tightening them as necessary, free of charge. The recall began during April 3, 2015.  Owners may contact Toyota customer service at 1-800-331-4331.",Toyota Motor Engineering & Manufacturing,,toyota_yaris_2015,30,35,32,4.0,1.5,Automatic 4-spd,Compact Cars,278.0,Regular,230,0.047,0.89,0.062,0.128
toyota,yaris,2015,15V098000,SUSPENSION:REAR:AXLE:NON-POWERED AXLE ASSEMBLY,"Toyota Motor Engineering & Manufacturing (Toyota) is recalling certain model year 2015 Yaris vehicles manufactured September 8, 2014, to January 9, 2015. The affected vehicles may have improperly tightened rear axle bearing bolts.",2015-02-19,"The improperly tightened bolts may loosen during vehicle operation and may potentially cause the wheel to lock up or may damage the rear brake components, reducing their effectiveness.  Either condition increases the risk of a crash.","Toyota will notify owners, and dealers will inspect the rear axle bearing bolts, tightening them as necessary, free of charge. The recall began during April 3, 2015.  Owners may contact Toyota customer service at 1-800-331-4331.",Toyota Motor Engineering & Manufacturing,,toyota_yaris_2015,30,36,33,4.0,1.5,Manual 5-spd,Compact Cars,271.0,Regular,230,0.047,0.89,0.062,0.128
acura,rl,2012,18V662000,AIR BAGS:FRONTAL:PASSENGER SIDE:INFLATOR MODULE,"Honda (American Honda Motor Co.) is recalling certain 2014 Honda Ridgeline vehicles nationwide.  Honda is also recalling certain 2011-2012 Acura RL, 2011 Honda Element and 2011-2013 Ridgeline vehicles in Arizona, Arkansas, Delaware, the District of Columbia, Illinois, Indiana, Kansas, Kentucky, Maryland, Missouri, Nebraska, Nevada, New Jersey, New Mexico, North Carolina, Ohio, Oklahoma, Pennsylvania, Tennessee, Virginia, and West Virginia.  

Lastly, if not included above, Honda is recalling certain 2010-2011 Honda Element, 2010-2012 Acura RL and 2010-2013 Ridgeline vehicles in Alaska, Colorado, Connecticut, Idaho, Iowa, Maine, Massachusetts, Michigan, Minnesota, Montana, New Hampshire, New York, North Dakota, Oregon, Rhode Island, South Dakota, Utah, Vermont, Washington, Wisconsin, and Wyoming.

These vehicles are equipped with certain air bag air bag inflators assembled as part of the frontal air bag modules, and used as original equipment or replacement equipment (such as after a vehicle crash necessitating replacement of the original air bags), may explode due to propellant degradation occurring after long-term exposure to higher absolute humidity, temperature and temperature cycling.",2018-09-27,An inflator explosion may result in sharp metal fragments striking the driver or other occupants resulting in serious injury or death.,"Honda will notify owners, and dealers will replace the passenger frontal air bag inflator, free of charge.  The recall began November 6, 2018.  Owners may contact Honda customer service at 1-888-234-2138.  Honda's numbers for this recall are H2H and S2I.",Honda (American Honda Motor Co.),EA15001,acura_rl_2012,17,24,20,6.0,3.7,Automatic (S6),Midsize Cars,444.35,Premium,1211,0.035,0.89,0.075,0.5994
acura,rl,2012,19V501000,AIR BAGS:FRONTAL:PASSENGER SIDE:INFLATOR MODULE,"Honda (American Honda Motor Co.) is recalling certain 2003-2006 Acura MDX, 2005-2012 RL, 2003-2007 Honda Accord, 2001-2005 Civic, 2003-2005 Civic Hybrid, 2001-2005 Civic GX NGV, 2002-2006 CR-V, 2003-2011 Element, 2007-2008 Fit, 2002-2004 Odyssey, 2003-2008 Pilot, and 2006-2014 Ridgeline vehicles. 

The vehicles are equipped with passenger frontal air bag inflators assembled as a recall remedy part or replacement service part, that may explode due to propellant degradation occurring after long-term exposure to high absolute humidity, temperature and temperature cycling.",2019-06-27,An inflator explosion may result in sharp metal fragments striking the driver or other occupants resulting in serious injury or death.,"Honda will notify owners, and dealers will replace the passenger frontal airbag inflator, free of charge.  The recall began August 12, 2019.  Owners may contact Honda customer service at 1-888-234-2138.  Honda's numbers for this recall are E5D and X5C.",Honda (American Honda Motor Co.),EA15001,acura_rl_2012,17,24,20,6.0,3.7,Automatic (S6),Midsize Cars,444.35,Premium,577,0.041,0.902,0.056,0.0516
acura,rl,2012,19V500000,AIR BAGS:FRONTAL:DRIVER SIDE:INFLATOR MODULE,"Honda (American Honda Motor Co.) is recalling certain 2013 Acura ILX, 2015 RDX, 2005-2010 and 2012 RL, 2009-2014 TL, 2010 and 2012 ZDX, 2007-2011 CR-V, 2011-2013 and 2015 CR-Z, 2009-2013 Fit, 2013 Fit EV, 2010-2011 and 2013 Insight and 2007-2014 Ridgeline vehicles. 

These vehicles are equipped with driver frontal air bag inflators assembled as a recall remedy part or replacement service part, that may explode due to propellant degradation occurring after long-term exposure to high absolute humidity, temperature and temperature cycling.",2019-06-27,An inflator explosion may result in sharp metal fragments striking the driver or other occupants resulting in serious injury or death.,"Honda will notify owners, and dealers will replace the driver frontal air bag inflator, free of charge.  The recall began August 12, 2019.  Owners may contact Honda customer service at 1-888-234-2138.  Honda's numbers for this recall are S5B and W59.",Honda (American Honda Motor Co.),EA15001,acura_rl_2012,17,24,20,6.0,3.7,Automatic (S6),Midsize Cars,444.35,Premium,544,0.039,0.879,0.082,0.4019
acura,rl,2012,18V041000,AIR BAGS:FRONTAL:PASSENGER SIDE:INFLATOR MODULE,"Honda (American Honda Motor Co.) is recalling certain 2010-2012 Acura RL, 2010 Honda Element, and 2010-2013 Honda Ridgeline vehicles ever registered in the states of Alabama, California, Florida, Georgia, Hawaii, Louisiana, Mississippi, South Carolina, Texas, Puerto Rico, American Samoa, Guam, the Northern Mariana Islands (Saipan), and the U.S. Virgin Islands or ""Zone A.""

Additionally, Honda is recalling certain 2010 Acura RL, 2010-2011 Honda Element and Honda Ridgeline vehicles ever registered in the states of Arizona, Arkansas, Delaware, District of Columbia, Illinois, Indiana, Kansas, Kentucky, Maryland, Missouri, Nebraska, Nevada, New Jersey, New Mexico, North Carolina, Ohio, Oklahoma, Pennsylvania, Tennessee, Virginia, and West Virginia or ""Zone B.""

If not included in zones A or B above, Honda is recalling certain 2009 Acura RL, Honda Element, and Honda Ridgeline vehicles ever registered in the states of Alaska, Colorado, Connecticut, Idaho, Iowa, Maine, Massachusetts, Michigan, Minnesota, Montana, New Hampshire, New York, North Dakota, Oregon, Rhode Island, South Dakota, Utah, Vermont, Washington, Wisconsin, and Wyoming or ""Zone C.""

These vehicles are equipped with certain inflators assembled as part of the frontal air bag modules, and used as original equipment or replacement equipment (such as after a vehicle crash necessitating replacement of the original air bags), may explode due to propellant degradation occurring after long-term exposure to higher absolute humidity, temperature and temperature cycling.",2018-01-09,An inflator explosion may result in sharp metal fragments striking the driver or other occupants resulting in serious injury or death.,"Honda will notify owners, and dealers will replace the passenger frontal air bag inflator, free of charge.  The recall began February 16, 2018.  Owners may contact Honda customer service at 1-888-234-2138.  Honda's numbers for this recall are U0H, and G0I.",Honda (American Honda Motor Co.),EA15001,acura_rl_2012,17,24,20,6.0,3.7,Automatic (S6),Midsize Cars,444.35,Premium,1549,0.027,0.916,0.057,0.5994
acura,rl,2012,17V029000,AIR BAGS:FRONTAL:PASSENGER SIDE:INFLATOR MODULE,"Honda (American Honda Motor Co.) is recalling certain 2005-2006 Acura MDX and Honda CR-V vehicles, 2005-2011 Honda Element vehicles, 2005-2012 Acura RL vehicles, 2006-2012 Honda Ridgeline vehicles, 2007-2008 Honda Fit vehicles and 2005-2008 Honda Pilot vehicles originally sold, or ever registered, in Alabama, California, Florida, Georgia, Hawaii, Louisiana, Mississippi, South Carolina, Texas, Puerto Rico, American Samoa, Guam, the Northern Mariana Islands (Saipan), and the U.S. Virgin Islands, or ""Zone A.""

Additionally, if not included in ""Zone A"" above, Honda is recalling certain 2005-2006 Acura MDX and Honda CR-V vehicles, 2005-2009 Acura RL and Honda Element vehicles, 2007-2008 Honda Fit vehicles, 2005-2008 Honda Pilot vehicles and 2006-2009 Honda Ridgeline vehicles originally sold, or ever registered, in Arizona, Arkansas, Delaware, District of Columbia, Illinois, Indiana, Kansas, Kentucky, Maryland, Missouri, Nebraska, Nevada, New Jersey, New Mexico, North Carolina, Ohio, Oklahoma, Pennsylvania, Tennessee, Virginia, and West Virginia, or ""Zone B.""

Additionally, if not included in ""Zone A"" or ""Zone B"" above, Honda is recalling certain 2005-2006 Acura MDX and Honda CR-V vehicles, 2005-2008 Acura RL, Honda Element and Honda Pilot vehicles, 2007-2008 Honda Fit vehicles and 2006-2008 Honda Ridgeline vehicles originally sold, or ever registered in Alaska, Colorado, Connecticut, Idaho, Iowa, Maine, Massachusetts, Michigan, Minnesota, Montana, New Hampshire, New York, North Dakota, Oregon, Rhode Island, South Dakota, Utah, Vermont, Washington, Wisconsin, and Wyoming.

These vehicles are equipped with certain air bag inflators assembled as part of the passenger frontal air bag modules used as original equipment or replacement equipment.  In the event of a crash necessitating deployment of the front air bags, these inflators may rupture due to propellant degradation occurring after long-term exposure to absolute humidity and temperature cycling.",2017-01-10,An inflator rupture may result in metal fragments striking the vehicle occupants resulting in serious injury or death.,"Honda will notify owners, and dealers will replace the front passenger air bag inflator, free of charge.  The recall bagan March 2017.  Owners may contact Honda customer service at 1-888-234-2138.  Honda's numbers for this recall are KD9 and KE0.",Honda (American Honda Motor Co.),EA15001,acura_rl_2012,17,24,20,6.0,3.7,Automatic (S6),Midsize Cars,444.35,Premium,1982,0.021,0.916,0.063,0.8442
acura,rl,2012,16V061000,AIR BAGS:FRONTAL:DRIVER SIDE:INFLATOR MODULE,"Honda (American Honda Motor Co.) is recalling certain model year 2007-2011 Honda CR-V, 2011-2015 CR-Z, 2010-2014 FCX, and Insight, 2009-2013 Fit, 2013-2014 Fit EV, 2007-2014 Ridgeline, 2013-2016 Acura ILX, 2013-2014 Acura ILX Hybrid, 2007-2016 RDX, 2005-2012 Acura RL, 2009-2014 Acura TL, and 2010-2013 Acura ZDX vehicles.  The affected vehicles are equipped with a dual-stage driver frontal air bag that may be susceptible to moisture intrusion which, over time, could cause the inflator to rupture.",2016-02-03,"In the event of a crash necessitating deployment of the driver's frontal air bag, the inflator could rupture with metal fragments striking the driver or other occupants resulting in serious injury or death.","Honda will notify owners, and dealers will replace the inflator, free of charge. The recall began March 2017.  Owners may contact Honda customer service at 1-888-234-2138.  Honda's numbers for this recall are JY0, JY1, and JY2.",Honda (American Honda Motor Co.),EA15001,acura_rl_2012,17,24,20,6.0,3.7,Automatic (S6),Midsize Cars,444.35,Premium,500,0.021,0.888,0.091,0.6705
acura,tsx,2012,18V661000,AIR BAGS:FRONTAL:PASSENGER SIDE:INFLATOR MODULE,"Honda (American Honda Motor Co.) is recalling certain 2014 Honda Insight and Acura TSX and TSX Wagon, 2014-2015 Honda Crosstour and Pilot vehicles nationwide, as well as certain 2014 Honda FCX Clarity and Fit EV vehicles in Florida, Hawaii, Puerto Rico, Texas, Alabama, Georgia, Louisiana, Mississippi, South Carolina, California, American Samoa, Guam, the Northern Mariana Islands (Saipan) and the U.S. Virgin Islands.

Honda is also recalling certain 2011-2013 Acura TSX, TSX Wagon and ZDX, Honda Crosstour, Insight, Fit and Pilot vehicles, 2011-2012 Honda Accord and 2011 Honda Civic NGV, Civic, Civic Hybrid and CR-V vehicles in Arizona, Arkansas, Delaware, the District of Columbia, Illinois, Indiana, Kansas, Kentucky, Maryland, Missouri, Nebraska, Nevada, New Jersey, New Mexico, North Carolina, Ohio, Oklahoma, Pennsylvania, Tennessee, Virginia and West Virginia.

Lastly, Honda is recalling certain 2010-2013 Acura TSX and ZDX, Honda Crosstour, Fit, Insight and Pilot, 2011-2013 TSX Wagon, 2010-2012 Honda Accord and 2010-2011 Honda Civic NGV, Civic, Civic Hybrid and CR-V vehicles in Alaska, Colorado, Connecticut, Idaho, Iowa, Maine, Massachusetts, Michigan, Minnesota, Montana, New Hampshire, New York, North Dakota, Oregon, Rhode Island, South Dakota, Utah, Vermont, Washington, Wisconsin and Wyoming.

These vehicles are equipped with certain air bag air bag inflators assembled as part of the frontal air bag modules, and used as original equipment or replacement equipment (such as after a vehicle crash necessitating replacement of the original air bags), may explode due to propellant degradation occurring after long-term exposure to higher absolute humidity, temperature and temperature cycling.",2018-09-27,An inflator explosion may result in sharp metal fragments striking the driver or other occupants resulting in serious injury or death.,"Honda will notify owners, and dealers will replace the passenger frontal air bag inflator, free of charge. The recall began November 6, 2018.  Owners may contact Honda customer service at 1-888-234-2138.  Honda's numbers for this recall are M2J and S2K.",Honda (American Honda Motor Co.),EA15001,acura_tsx_2012,21,29,24,4.0,2.4,Manual 6-spd,Compact Cars,370.2916666666667,Premium,1721,0.023,0.873,0.104,0.946
acura,tsx,2012,18V661000,AIR BAGS:FRONTAL:PASSENGER SIDE:INFLATOR MODULE,"Honda (American Honda Motor Co.) is recalling certain 2014 Honda Insight and Acura TSX and TSX Wagon, 2014-2015 Honda Crosstour and Pilot vehicles nationwide, as well as certain 2014 Honda FCX Clarity and Fit EV vehicles in Florida, Hawaii, Puerto Rico, Texas, Alabama, Georgia, Louisiana, Mississippi, South Carolina, California, American Samoa, Guam, the Northern Mariana Islands (Saipan) and the U.S. Virgin Islands.

Honda is also recalling certain 2011-2013 Acura TSX, TSX Wagon and ZDX, Honda Crosstour, Insight, Fit and Pilot vehicles, 2011-2012 Honda Accord and 2011 Honda Civic NGV, Civic, Civic Hybrid and CR-V vehicles in Arizona, Arkansas, Delaware, the District of Columbia, Illinois, Indiana, Kansas, Kentucky, Maryland, Missouri, Nebraska, Nevada, New Jersey, New Mexico, North Carolina, Ohio, Oklahoma, Pennsylvania, Tennessee, Virginia and West Virginia.

Lastly, Honda is recalling certain 2010-2013 Acura TSX and ZDX, Honda Crosstour, Fit, Insight and Pilot, 2011-2013 TSX Wagon, 2010-2012 Honda Accord and 2010-2011 Honda Civic NGV, Civic, Civic Hybrid and CR-V vehicles in Alaska, Colorado, Connecticut, Idaho, Iowa, Maine, Massachusetts, Michigan, Minnesota, Montana, New Hampshire, New York, North Dakota, Oregon, Rhode Island, South Dakota, Utah, Vermont, Washington, Wisconsin and Wyoming.

These vehicles are equipped with certain air bag air bag inflators assembled as part of the frontal air bag modules, and used as original equipment or replacement equipment (such as after a vehicle crash necessitating replacement of the original air bags), may explode due to propellant degradation occurring after long-term exposure to higher absolute humidity, temperature and temperature cycling.",2018-09-27,An inflator explosion may result in sharp metal fragments striking the driver or other occupants resulting in serious injury or death.,"Honda will notify owners, and dealers will replace the passenger frontal air bag inflator, free of charge. The recall began November 6, 2018.  Owners may contact Honda customer service at 1-888-234-2138.  Honda's numbers for this recall are M2J and S2K.",Honda (American Honda Motor Co.),EA15001,acura_tsx_2012,22,31,25,4.0,2.4,Automatic (S5),Compact Cars,355.48,Premium,1721,0.023,0.873,0.104,0.946
acura,tsx,2012,18V661000,AIR BAGS:FRONTAL:PASSENGER SIDE:INFLATOR MODULE,"Honda (American Honda Motor Co.) is recalling certain 2014 Honda Insight and Acura TSX and TSX Wagon, 2014-2015 Honda Crosstour and Pilot vehicles nationwide, as well as certain 2014 Honda FCX Clarity and Fit EV vehicles in Florida, Hawaii, Puerto Rico, Texas, Alabama, Georgia, Louisiana, Mississippi, South Carolina, California, American Samoa, Guam, the Northern Mariana Islands (Saipan) and the U.S. Virgin Islands.

Honda is also recalling certain 2011-2013 Acura TSX, TSX Wagon and ZDX, Honda Crosstour, Insight, Fit and Pilot vehicles, 2011-2012 Honda Accord and 2011 Honda Civic NGV, Civic, Civic Hybrid and CR-V vehicles in Arizona, Arkansas, Delaware, the District of Columbia, Illinois, Indiana, Kansas, Kentucky, Maryland, Missouri, Nebraska, Nevada, New Jersey, New Mexico, North Carolina, Ohio, Oklahoma, Pennsylvania, Tennessee, Virginia and West Virginia.

Lastly, Honda is recalling certain 2010-2013 Acura TSX and ZDX, Honda Crosstour, Fit, Insight and Pilot, 2011-2013 TSX Wagon, 2010-2012 Honda Accord and 2010-2011 Honda Civic NGV, Civic, Civic Hybrid and CR-V vehicles in Alaska, Colorado, Connecticut, Idaho, Iowa, Maine, Massachusetts, Michigan, Minnesota, Montana, New Hampshire, New York, North Dakota, Oregon, Rhode Island, South Dakota, Utah, Vermont, Washington, Wisconsin and Wyoming.

These vehicles are equipped with certain air bag air bag inflators assembled as part of the frontal air bag modules, and used as original equipment or replacement equipment (such as after a vehicle crash necessitating replacement of the original air bags), may explode due to propellant degradation occurring after long-term exposure to higher absolute humidity, temperature and temperature cycling.",2018-09-27,An inflator explosion may result in sharp metal fragments striking the driver or other occupants resulting in serious injury or death.,"Honda will notify owners, and dealers will replace the passenger frontal air bag inflator, free of charge. The recall began November 6, 2018.  Owners may contact Honda customer service at 1-888-234-2138.  Honda's numbers for this recall are M2J and S2K.",Honda (American Honda Motor Co.),EA15001,acura_tsx_2012,19,28,22,6.0,3.5,Automatic (S5),Compact Cars,403.95454545454544,Premium,1721,0.023,0.873,0.104,0.946
acura,tsx,2012,19V502000,AIR BAGS:FRONTAL:PASSENGER SIDE:INFLATOR MODULE,"Honda (American Honda Motor Co.) is recalling certain 2009-2014 Acura TSX, 2011-2014 TSX Sport Wagon, 2010-2013 ZDX, 2008-2012 Honda Accord, 2010-2011 Accord Crosstour, 2006-2011 Civic and Civic Hybrid, 2008-2010 Civic GX NGV, 2012-2015 Crosstour, 2007-2011 CR-V, 2009-2013 Fit, 2014 Fit EV, 2010-2014 Insight, and 2009-2015 Pilot vehicles. 

The vehicles are equipped with passenger frontal air bag inflators assembled as a recall remedy part or replacement service part, that may explode due to propellant degradation occurring after long-term exposure to high absolute humidity, temperature and temperature cycling.",2019-06-27,An inflator explosion may result in sharp metal fragments striking the driver or other occupants resulting in serious injury or death.,"Honda will notify owners, and dealers will replace the passenger frontal air bag inflator, free of charge.  The recall began August 12, 2019.  Owners may contact Honda customer service at 1-888-234-2138.  Honda's numbers for this recall are F5F and Q5E.",Honda (American Honda Motor Co.),EA15001,acura_tsx_2012,21,29,24,4.0,2.4,Manual 6-spd,Compact Cars,370.2916666666667,Premium,620,0.037,0.885,0.078,0.4019
acura,tsx,2012,19V502000,AIR BAGS:FRONTAL:PASSENGER SIDE:INFLATOR MODULE,"Honda (American Honda Motor Co.) is recalling certain 2009-2014 Acura TSX, 2011-2014 TSX Sport Wagon, 2010-2013 ZDX, 2008-2012 Honda Accord, 2010-2011 Accord Crosstour, 2006-2011 Civic and Civic Hybrid, 2008-2010 Civic GX NGV, 2012-2015 Crosstour, 2007-2011 CR-V, 2009-2013 Fit, 2014 Fit EV, 2010-2014 Insight, and 2009-2015 Pilot vehicles. 

The vehicles are equipped with passenger frontal air bag inflators assembled as a recall remedy part or replacement service part, that may explode due to propellant degradation occurring after long-term exposure to high absolute humidity, temperature and temperature cycling.",2019-06-27,An inflator explosion may result in sharp metal fragments striking the driver or other occupants resulting in serious injury or death.,"Honda will notify owners, and dealers will replace the passenger frontal air bag inflator, free of charge.  The recall began August 12, 2019.  Owners may contact Honda customer service at 1-888-234-2138.  Honda's numbers for this recall are F5F and Q5E.",Honda (American Honda Motor Co.),EA15001,acura_tsx_2012,22,31,25,4.0,2.4,Automatic (S5),Compact Cars,355.48,Premium,620,0.037,0.885,0.078,0.4019
acura,tsx,2012,19V502000,AIR BAGS:FRONTAL:PASSENGER SIDE:INFLATOR MODULE,"Honda (American Honda Motor Co.) is recalling certain 2009-2014 Acura TSX, 2011-2014 TSX Sport Wagon, 2010-2013 ZDX, 2008-2012 Honda Accord, 2010-2011 Accord Crosstour, 2006-2011 Civic and Civic Hybrid, 2008-2010 Civic GX NGV, 2012-2015 Crosstour, 2007-2011 CR-V, 2009-2013 Fit, 2014 Fit EV, 2010-2014 Insight, and 2009-2015 Pilot vehicles. 

The vehicles are equipped with passenger frontal air bag inflators assembled as a recall remedy part or replacement service part, that may explode due to propellant degradation occurring after long-term exposure to high absolute humidity, temperature and temperature cycling.",2019-06-27,An inflator explosion may result in sharp metal fragments striking the driver or other occupants resulting in serious injury or death.,"Honda will notify owners, and dealers will replace the passenger frontal air bag inflator, free of charge.  The recall began August 12, 2019.  Owners may contact Honda customer service at 1-888-234-2138.  Honda's numbers for this recall are F5F and Q5E.",Honda (American Honda Motor Co.),EA15001,acura_tsx_2012,19,28,22,6.0,3.5,Automatic (S5),Compact Cars,403.95454545454544,Premium,620,0.037,0.885,0.078,0.4019
acura,tsx,2012,19V378000,AIR BAGS:FRONTAL:PASSENGER SIDE:INFLATOR MODULE,"Honda (American Honda Motor Co.) is recalling certain 2009-2014 Acura TSX, 2011-2013 TSX Sport Wagon, and 2010-2012 ZDX and 2008-2012 Honda Accord, 2010-2011 Accord Crosstour, 2006-2011 Civic, Civic Hybrid and Civic NGV, 2012-2014 Crosstour, 2007-2011 CR-V, 2009-2013 Fit, 2010-2013 Insight, and 2009-2015 Pilot vehicles.  The front passenger air bag inflator may have been installed incorrectly during replacement.",2019-05-16,"An incorrectly installed air bag inflator may not properly deploy the passenger frontal air bag in the event of a crash, increasing the risk of injury.","Honda will notify owners, and dealers will inspect the inflator installation and, if necessary, replace the passenger frontal air bag module assembly, free of charge.  The recall began July 5, 2019.  Owners may contact Honda customer service at 1-888-234-2138.  Honda's numbers for this recall are M4O, P4R, T4Q, and W4P.",Honda (American Honda Motor Co.),,acura_tsx_2012,21,29,24,4.0,2.4,Manual 6-spd,Compact Cars,370.2916666666667,Premium,415,0.0,0.923,0.077,0.5574
acura,tsx,2012,19V378000,AIR BAGS:FRONTAL:PASSENGER SIDE:INFLATOR MODULE,"Honda (American Honda Motor Co.) is recalling certain 2009-2014 Acura TSX, 2011-2013 TSX Sport Wagon, and 2010-2012 ZDX and 2008-2012 Honda Accord, 2010-2011 Accord Crosstour, 2006-2011 Civic, Civic Hybrid and Civic NGV, 2012-2014 Crosstour, 2007-2011 CR-V, 2009-2013 Fit, 2010-2013 Insight, and 2009-2015 Pilot vehicles.  The front passenger air bag inflator may have been installed incorrectly during replacement.",2019-05-16,"An incorrectly installed air bag inflator may not properly deploy the passenger frontal air bag in the event of a crash, increasing the risk of injury.","Honda will notify owners, and dealers will inspect the inflator installation and, if necessary, replace the passenger frontal air bag module assembly, free of charge.  The recall began July 5, 2019.  Owners may contact Honda customer service at 1-888-234-2138.  Honda's numbers for this recall are M4O, P4R, T4Q, and W4P.",Honda (American Honda Motor Co.),,acura_tsx_2012,22,31,25,4.0,2.4,Automatic (S5),Compact Cars,355.48,Premium,415,0.0,0.923,0.077,0.5574
acura,tsx,2012,19V378000,AIR BAGS:FRONTAL:PASSENGER SIDE:INFLATOR MODULE,"Honda (American Honda Motor Co.) is recalling certain 2009-2014 Acura TSX, 2011-2013 TSX Sport Wagon, and 2010-2012 ZDX and 2008-2012 Honda Accord, 2010-2011 Accord Crosstour, 2006-2011 Civic, Civic Hybrid and Civic NGV, 2012-2014 Crosstour, 2007-2011 CR-V, 2009-2013 Fit, 2010-2013 Insight, and 2009-2015 Pilot vehicles.  The front passenger air bag inflator may have been installed incorrectly during replacement.",2019-05-16,"An incorrectly installed air bag inflator may not properly deploy the passenger frontal air bag in the event of a crash, increasing the risk of injury.","Honda will notify owners, and dealers will inspect the inflator installation and, if necessary, replace the passenger frontal air bag module assembly, free of charge.  The recall began July 5, 2019.  Owners may contact Honda customer service at 1-888-234-2138.  Honda's numbers for this recall are M4O, P4R, T4Q, and W4P.",Honda (American Honda Motor Co.),,acura_tsx_2012,19,28,22,6.0,3.5,Automatic (S5),Compact Cars,403.95454545454544,Premium,415,0.0,0.923,0.077,0.5574
acura,tsx,2012,18V042000,AIR BAGS:FRONTAL:PASSENGER SIDE:INFLATOR MODULE,"Honda (American Honda Motor Co.) is recalling certain 2010-2013 Acura TSX, ZDX, Honda Accord Crosstour, Fit, Insight and Pilot vehicles, 2011-13 Acura TSX Sportswagon, 2010-2012 Honda Accord,, 2010-2011 Honda Civic, Civic NGV, Civic Hybrid and CR-V vehicles and 2013 Honda FCX Clarity and Fit EV vehicles ever registered in the states of Alabama, California, Florida, Georgia, Hawaii, Louisiana, Mississippi, South Carolina, Texas, Puerto Rico, American Samoa, Guam, the Northern Mariana Islands (Saipan), and the U.S. Virgin Islands or ""Zone A.""

Additionally, Honda is recalling certain 2010-2012 Acura TSX, Honda Accord, Accord Crosstour, Fit and Pilot, 2010-2011 Honda Civic, Civic NGV, Civic Hybrid and CR-V, and 2010 Acura ZDX and Honda Insight vehicles ever registered in the states of Arizona, Arkansas, Delaware, District of Columbia, Illinois, Indiana, Kansas, Kentucky, Maryland, Missouri, Nebraska, Nevada, New Jersey, New Mexico, North Carolina, Ohio, Oklahoma, Pennsylvania, Tennessee, Virginia, and West Virginia or ""Zone B.""

Unless included in Zones A or B above, Honda is recalling certain 2009 Acura TSX, Honda Accord, Civic, Civic NGV, Civic Hybrid, CR-V, Fit, and Pilot vehicles ever registered in the states of Alaska, Colorado, Connecticut, Idaho, Iowa, Maine, Massachusetts, Michigan, Minnesota, Montana, New Hampshire, New York, North Dakota, Oregon, Rhode Island, South Dakota, Utah, Vermont, Washington, Wisconsin, and Wyoming or ""Zone C.""

These vehicles are equipped with certain air bag inflators assembled as part of the frontal air bag modules, and used as original equipment or replacement equipment (such as after a vehicle crash necessitating replacement of the original air bags), may explode due to propellant degradation occurring after long-term exposure to higher absolute humidity, temperature and temperature cycling.",2018-01-09,An inflator explosion may result in sharp metal fragments striking the driver or other occupants resulting in serious injury or death.,"Honda will notify owners, and dealers will replace the passenger frontal air bag inflator, free of charge.  The recall began February 16, 2018.  Owners may contact Honda customer service at 1-888-234-2138.  Honda's numbers for this recall are B0K and L0J.",Honda (American Honda Motor Co.),EA15001,acura_tsx_2012,21,29,24,4.0,2.4,Manual 6-spd,Compact Cars,370.2916666666667,Premium,1865,0.021,0.888,0.09,0.9393
acura,tsx,2012,18V042000,AIR BAGS:FRONTAL:PASSENGER SIDE:INFLATOR MODULE,"Honda (American Honda Motor Co.) is recalling certain 2010-2013 Acura TSX, ZDX, Honda Accord Crosstour, Fit, Insight and Pilot vehicles, 2011-13 Acura TSX Sportswagon, 2010-2012 Honda Accord,, 2010-2011 Honda Civic, Civic NGV, Civic Hybrid and CR-V vehicles and 2013 Honda FCX Clarity and Fit EV vehicles ever registered in the states of Alabama, California, Florida, Georgia, Hawaii, Louisiana, Mississippi, South Carolina, Texas, Puerto Rico, American Samoa, Guam, the Northern Mariana Islands (Saipan), and the U.S. Virgin Islands or ""Zone A.""

Additionally, Honda is recalling certain 2010-2012 Acura TSX, Honda Accord, Accord Crosstour, Fit and Pilot, 2010-2011 Honda Civic, Civic NGV, Civic Hybrid and CR-V, and 2010 Acura ZDX and Honda Insight vehicles ever registered in the states of Arizona, Arkansas, Delaware, District of Columbia, Illinois, Indiana, Kansas, Kentucky, Maryland, Missouri, Nebraska, Nevada, New Jersey, New Mexico, North Carolina, Ohio, Oklahoma, Pennsylvania, Tennessee, Virginia, and West Virginia or ""Zone B.""

Unless included in Zones A or B above, Honda is recalling certain 2009 Acura TSX, Honda Accord, Civic, Civic NGV, Civic Hybrid, CR-V, Fit, and Pilot vehicles ever registered in the states of Alaska, Colorado, Connecticut, Idaho, Iowa, Maine, Massachusetts, Michigan, Minnesota, Montana, New Hampshire, New York, North Dakota, Oregon, Rhode Island, South Dakota, Utah, Vermont, Washington, Wisconsin, and Wyoming or ""Zone C.""

These vehicles are equipped with certain air bag inflators assembled as part of the frontal air bag modules, and used as original equipment or replacement equipment (such as after a vehicle crash necessitating replacement of the original air bags), may explode due to propellant degradation occurring after long-term exposure to higher absolute humidity, temperature and temperature cycling.",2018-01-09,An inflator explosion may result in sharp metal fragments striking the driver or other occupants resulting in serious injury or death.,"Honda will notify owners, and dealers will replace the passenger frontal air bag inflator, free of charge.  The recall began February 16, 2018.  Owners may contact Honda customer service at 1-888-234-2138.  Honda's numbers for this recall are B0K and L0J.",Honda (American Honda Motor Co.),EA15001,acura_tsx_2012,22,31,25,4.0,2.4,Automatic (S5),Compact Cars,355.48,Premium,1865,0.021,0.888,0.09,0.9393
acura,tsx,2012,18V042000,AIR BAGS:FRONTAL:PASSENGER SIDE:INFLATOR MODULE,"Honda (American Honda Motor Co.) is recalling certain 2010-2013 Acura TSX, ZDX, Honda Accord Crosstour, Fit, Insight and Pilot vehicles, 2011-13 Acura TSX Sportswagon, 2010-2012 Honda Accord,, 2010-2011 Honda Civic, Civic NGV, Civic Hybrid and CR-V vehicles and 2013 Honda FCX Clarity and Fit EV vehicles ever registered in the states of Alabama, California, Florida, Georgia, Hawaii, Louisiana, Mississippi, South Carolina, Texas, Puerto Rico, American Samoa, Guam, the Northern Mariana Islands (Saipan), and the U.S. Virgin Islands or ""Zone A.""

Additionally, Honda is recalling certain 2010-2012 Acura TSX, Honda Accord, Accord Crosstour, Fit and Pilot, 2010-2011 Honda Civic, Civic NGV, Civic Hybrid and CR-V, and 2010 Acura ZDX and Honda Insight vehicles ever registered in the states of Arizona, Arkansas, Delaware, District of Columbia, Illinois, Indiana, Kansas, Kentucky, Maryland, Missouri, Nebraska, Nevada, New Jersey, New Mexico, North Carolina, Ohio, Oklahoma, Pennsylvania, Tennessee, Virginia, and West Virginia or ""Zone B.""

Unless included in Zones A or B above, Honda is recalling certain 2009 Acura TSX, Honda Accord, Civic, Civic NGV, Civic Hybrid, CR-V, Fit, and Pilot vehicles ever registered in the states of Alaska, Colorado, Connecticut, Idaho, Iowa, Maine, Massachusetts, Michigan, Minnesota, Montana, New Hampshire, New York, North Dakota, Oregon, Rhode Island, South Dakota, Utah, Vermont, Washington, Wisconsin, and Wyoming or ""Zone C.""

These vehicles are equipped with certain air bag inflators assembled as part of the frontal air bag modules, and used as original equipment or replacement equipment (such as after a vehicle crash necessitating replacement of the original air bags), may explode due to propellant degradation occurring after long-term exposure to higher absolute humidity, temperature and temperature cycling.",2018-01-09,An inflator explosion may result in sharp metal fragments striking the driver or other occupants resulting in serious injury or death.,"Honda will notify owners, and dealers will replace the passenger frontal air bag inflator, free of charge.  The recall began February 16, 2018.  Owners may contact Honda customer service at 1-888-234-2138.  Honda's numbers for this recall are B0K and L0J.",Honda (American Honda Motor Co.),EA15001,acura_tsx_2012,19,28,22,6.0,3.5,Automatic (S5),Compact Cars,403.95454545454544,Premium,1865,0.021,0.888,0.09,0.9393
acura,tsx,2012,17V030000,AIR BAGS:FRONTAL:PASSENGER SIDE:INFLATOR MODULE,"Honda (American Honda Motor Co.) is recalling certain 2009-2012 Acura TSX, 2011-2012 Acura TSX Wagon, 2010-2012 Acura ZDX, 2008-2012 Honda Accord, 2010-2012 Honda Accord Crosstour and Honda Insight, 2009-2012 Honda Fit, 2009-2012 Pilot, 2007-2011 Honda CR-V, 2012 Honda FCX Clarity and 2006-2011 Honda Civic, Civic Hybrid, Civic NGV vehicles originally sold, or ever registered, in Alabama, California, Florida, Georgia, Hawaii, Louisiana, Mississippi, South Carolina, Texas, Puerto Rico, American Samoa, Guam, the Northern Mariana Islands (Saipan), and the U.S. Virgin Islands, or ""Zone A.""

Additionally, if not included in ""Zone A"" above, Honda is recalling certain 2009 Acura TSX, Honda Fit and Pilot, 2008-2009 Honda Accord, 2006-2009 Civic, Civic Hybrid and Civic NGV, and 2007-2009 Honda CR-V vehicles originally sold, or ever registered, in Arizona, Arkansas, Delaware, District of Columbia, Illinois, Indiana, Kansas, Kentucky, Maryland, Missouri, Nebraska, Nevada, New Jersey, New Mexico, North Carolina, Ohio, Oklahoma, Pennsylvania, Tennessee, Virginia, and West Virginia, or ""Zone B.""

Additionally, if not included in ""Zone B"" above, Honda is recalling certain 2008 Honda Accord, 2006-2008 Honda Civic, Civic Hybrid and Civic NGV and 2007-2008 Honda CR-V vehicles originally sold, or ever registered, in Alaska, Colorado, Connecticut, Idaho, Iowa, Maine, Massachusetts, Michigan, Minnesota, Montana, New Hampshire, New York, North Dakota, Oregon, Rhode Island, South Dakota, Utah, Vermont, Washington, Wisconsin, and Wyoming.

These vehicles are equipped with certain air bag inflators assembled as part of the passenger frontal air bag modules used as original equipment or replacement equipment.  In the event of a crash necessitating deployment of the front air bags, these inflators may rupture due to propellant degradation occurring after long-term exposure to absolute humidity and temperature cycling.",2017-01-10,An inflator rupture may result in metal fragments striking the vehicle occupants resulting in serious injury or death.,"Honda will notify owners, and dealers will replace the front passenger side air bag inflator, free of charge.  The manufacturer has mailed an interim notification, and will send a second notification when parts are available.  Owners may contact Honda customer service at 1-888-234-2138.  Honda's numbers for this recall are KE1 and KE2.",Honda (American Honda Motor Co.),EA15001,acura_tsx_2012,21,29,24,4.0,2.4,Manual 6-spd,Compact Cars,370.2916666666667,Premium,1929,0.021,0.914,0.064,0.8519
acura,tsx,2012,17V030000,AIR BAGS:FRONTAL:PASSENGER SIDE:INFLATOR MODULE,"Honda (American Honda Motor Co.) is recalling certain 2009-2012 Acura TSX, 2011-2012 Acura TSX Wagon, 2010-2012 Acura ZDX, 2008-2012 Honda Accord, 2010-2012 Honda Accord Crosstour and Honda Insight, 2009-2012 Honda Fit, 2009-2012 Pilot, 2007-2011 Honda CR-V, 2012 Honda FCX Clarity and 2006-2011 Honda Civic, Civic Hybrid, Civic NGV vehicles originally sold, or ever registered, in Alabama, California, Florida, Georgia, Hawaii, Louisiana, Mississippi, South Carolina, Texas, Puerto Rico, American Samoa, Guam, the Northern Mariana Islands (Saipan), and the U.S. Virgin Islands, or ""Zone A.""

Additionally, if not included in ""Zone A"" above, Honda is recalling certain 2009 Acura TSX, Honda Fit and Pilot, 2008-2009 Honda Accord, 2006-2009 Civic, Civic Hybrid and Civic NGV, and 2007-2009 Honda CR-V vehicles originally sold, or ever registered, in Arizona, Arkansas, Delaware, District of Columbia, Illinois, Indiana, Kansas, Kentucky, Maryland, Missouri, Nebraska, Nevada, New Jersey, New Mexico, North Carolina, Ohio, Oklahoma, Pennsylvania, Tennessee, Virginia, and West Virginia, or ""Zone B.""

Additionally, if not included in ""Zone B"" above, Honda is recalling certain 2008 Honda Accord, 2006-2008 Honda Civic, Civic Hybrid and Civic NGV and 2007-2008 Honda CR-V vehicles originally sold, or ever registered, in Alaska, Colorado, Connecticut, Idaho, Iowa, Maine, Massachusetts, Michigan, Minnesota, Montana, New Hampshire, New York, North Dakota, Oregon, Rhode Island, South Dakota, Utah, Vermont, Washington, Wisconsin, and Wyoming.

These vehicles are equipped with certain air bag inflators assembled as part of the passenger frontal air bag modules used as original equipment or replacement equipment.  In the event of a crash necessitating deployment of the front air bags, these inflators may rupture due to propellant degradation occurring after long-term exposure to absolute humidity and temperature cycling.",2017-01-10,An inflator rupture may result in metal fragments striking the vehicle occupants resulting in serious injury or death.,"Honda will notify owners, and dealers will replace the front passenger side air bag inflator, free of charge.  The manufacturer has mailed an interim notification, and will send a second notification when parts are available.  Owners may contact Honda customer service at 1-888-234-2138.  Honda's numbers for this recall are KE1 and KE2.",Honda (American Honda Motor Co.),EA15001,acura_tsx_2012,22,31,25,4.0,2.4,Automatic (S5),Compact Cars,355.48,Premium,1929,0.021,0.914,0.064,0.8519
acura,tsx,2012,17V030000,AIR BAGS:FRONTAL:PASSENGER SIDE:INFLATOR MODULE,"Honda (American Honda Motor Co.) is recalling certain 2009-2012 Acura TSX, 2011-2012 Acura TSX Wagon, 2010-2012 Acura ZDX, 2008-2012 Honda Accord, 2010-2012 Honda Accord Crosstour and Honda Insight, 2009-2012 Honda Fit, 2009-2012 Pilot, 2007-2011 Honda CR-V, 2012 Honda FCX Clarity and 2006-2011 Honda Civic, Civic Hybrid, Civic NGV vehicles originally sold, or ever registered, in Alabama, California, Florida, Georgia, Hawaii, Louisiana, Mississippi, South Carolina, Texas, Puerto Rico, American Samoa, Guam, the Northern Mariana Islands (Saipan), and the U.S. Virgin Islands, or ""Zone A.""

Additionally, if not included in ""Zone A"" above, Honda is recalling certain 2009 Acura TSX, Honda Fit and Pilot, 2008-2009 Honda Accord, 2006-2009 Civic, Civic Hybrid and Civic NGV, and 2007-2009 Honda CR-V vehicles originally sold, or ever registered, in Arizona, Arkansas, Delaware, District of Columbia, Illinois, Indiana, Kansas, Kentucky, Maryland, Missouri, Nebraska, Nevada, New Jersey, New Mexico, North Carolina, Ohio, Oklahoma, Pennsylvania, Tennessee, Virginia, and West Virginia, or ""Zone B.""

Additionally, if not included in ""Zone B"" above, Honda is recalling certain 2008 Honda Accord, 2006-2008 Honda Civic, Civic Hybrid and Civic NGV and 2007-2008 Honda CR-V vehicles originally sold, or ever registered, in Alaska, Colorado, Connecticut, Idaho, Iowa, Maine, Massachusetts, Michigan, Minnesota, Montana, New Hampshire, New York, North Dakota, Oregon, Rhode Island, South Dakota, Utah, Vermont, Washington, Wisconsin, and Wyoming.

These vehicles are equipped with certain air bag inflators assembled as part of the passenger frontal air bag modules used as original equipment or replacement equipment.  In the event of a crash necessitating deployment of the front air bags, these inflators may rupture due to propellant degradation occurring after long-term exposure to absolute humidity and temperature cycling.",2017-01-10,An inflator rupture may result in metal fragments striking the vehicle occupants resulting in serious injury or death.,"Honda will notify owners, and dealers will replace the front passenger side air bag inflator, free of charge.  The manufacturer has mailed an interim notification, and will send a second notification when parts are available.  Owners may contact Honda customer service at 1-888-234-2138.  Honda's numbers for this recall are KE1 and KE2.",Honda (American Honda Motor Co.),EA15001,acura_tsx_2012,19,28,22,6.0,3.5,Automatic (S5),Compact Cars,403.95454545454544,Premium,1929,0.021,0.914,0.064,0.8519
acura,tsx,2012,17V545000,AIR BAGS:FRONTAL:PASSENGER SIDE:INFLATOR MODULE,"Honda (American Honda Motor Co.) is recalling certain 2008-2012 Accord, 2010-2012 Accord Crosstour, 2006-2011 Civic, 2007-2011 CR-V, 2009-2012 Fit and Pilot, 2010-2012 Insight, and 2009-2012 Acura TSX vehicles that received replacement passenger frontal air bag inflators.  One dealership may have incorrectly installed the replacement air bag inflators.",2017-08-31,"In the event of a crash, an incorrectly installed passenger frontal air bag inflator may deploy the air bag improperly, increasing the risk of injury.","Honda will notify owners, and dealers will replace the passenger frontal air bag module assembly, free of charge.  The recall began October 30, 2017.  Owners may contact Honda customer service at 1-888-234-2138.  Honda's numbers for this recall are O07, Y0A, N06, G05, M04, Y01, and O09.",Honda (American Honda Motor Co.),,acura_tsx_2012,21,29,24,4.0,2.4,Manual 6-spd,Compact Cars,370.2916666666667,Premium,354,0.0,0.907,0.093,0.5574
acura,tsx,2012,17V545000,AIR BAGS:FRONTAL:PASSENGER SIDE:INFLATOR MODULE,"Honda (American Honda Motor Co.) is recalling certain 2008-2012 Accord, 2010-2012 Accord Crosstour, 2006-2011 Civic, 2007-2011 CR-V, 2009-2012 Fit and Pilot, 2010-2012 Insight, and 2009-2012 Acura TSX vehicles that received replacement passenger frontal air bag inflators.  One dealership may have incorrectly installed the replacement air bag inflators.",2017-08-31,"In the event of a crash, an incorrectly installed passenger frontal air bag inflator may deploy the air bag improperly, increasing the risk of injury.","Honda will notify owners, and dealers will replace the passenger frontal air bag module assembly, free of charge.  The recall began October 30, 2017.  Owners may contact Honda customer service at 1-888-234-2138.  Honda's numbers for this recall are O07, Y0A, N06, G05, M04, Y01, and O09.",Honda (American Honda Motor Co.),,acura_tsx_2012,22,31,25,4.0,2.4,Automatic (S5),Compact Cars,355.48,Premium,354,0.0,0.907,0.093,0.5574
acura,tsx,2012,17V545000,AIR BAGS:FRONTAL:PASSENGER SIDE:INFLATOR MODULE,"Honda (American Honda Motor Co.) is recalling certain 2008-2012 Accord, 2010-2012 Accord Crosstour, 2006-2011 Civic, 2007-2011 CR-V, 2009-2012 Fit and Pilot, 2010-2012 Insight, and 2009-2012 Acura TSX vehicles that received replacement passenger frontal air bag inflators.  One dealership may have incorrectly installed the replacement air bag inflators.",2017-08-31,"In the event of a crash, an incorrectly installed passenger frontal air bag inflator may deploy the air bag improperly, increasing the risk of injury.","Honda will notify owners, and dealers will replace the passenger frontal air bag module assembly, free of charge.  The recall began October 30, 2017.  Owners may contact Honda customer service at 1-888-234-2138.  Honda's numbers for this recall are O07, Y0A, N06, G05, M04, Y01, and O09.",Honda (American Honda Motor Co.),,acura_tsx_2012,19,28,22,6.0,3.5,Automatic (S5),Compact Cars,403.95454545454544,Premium,354,0.0,0.907,0.093,0.5574
acura,ilx,2013,19V182000,AIR BAGS:FRONTAL:DRIVER SIDE:INFLATOR MODULE,"Honda (American Honda Motor Co.) is recalling specific 2003 Acura 3.2CL, 2013-2016 ILX, 2013-2014 ILX Hybrid, 2003-2006 MDX, 2007-2016 RDX, 2002-2003 3.2TL, 2004-2006, and 2009-2014 TL, 2010-2013 ZDX and 2001-2007 and 2009 Honda Accord, 2001-2005 Civic, 2003-2005 Civic Hybrid, 2001-2005 Civic GX NGV, 2002-2007 and 2010-2011 CR-V, 2003-2011 Element, 2007 Fit, 2002-2004 Odyssey, 2003-2008 Pilot, and 2006-2014 Ridgeline vehicles.  The affected vehicles received a replacement driver air bag inflator as part of a previous Takata inflator recall remedy or a replacement driver air bag module containing the same inflator type as a service part.  Due to a manufacturing error, in the event of a crash necessitating deployment of the driver frontal air bag, these inflators may explode.",2019-03-06,"An explosion of an inflator within the driver frontal air bag module may result in sharp metal fragments striking the driver, front seat passenger or other occupants resulting in serious injury or death.","Honda will notify owners, and dealers will replace the driver's air bag inflator with an alternate inflator, free of charge.  The recall began April 10, 2019.  Honda owners may contact customer service at 1-888-234-2138.  Honda's number for this recall is O41.  Acura owners may contact customer service at 1-888-234-2138.  Acura's number for this recall is U40.",Honda (American Honda Motor Co.),EA15001,acura_ilx_2013,24,34,27,4.0,2.0,Automatic (S5),Compact Cars,322.0,Premium,784,0.06,0.918,0.021,-0.5423
acura,ilx,2013,19V182000,AIR BAGS:FRONTAL:DRIVER SIDE:INFLATOR MODULE,"Honda (American Honda Motor Co.) is recalling specific 2003 Acura 3.2CL, 2013-2016 ILX, 2013-2014 ILX Hybrid, 2003-2006 MDX, 2007-2016 RDX, 2002-2003 3.2TL, 2004-2006, and 2009-2014 TL, 2010-2013 ZDX and 2001-2007 and 2009 Honda Accord, 2001-2005 Civic, 2003-2005 Civic Hybrid, 2001-2005 Civic GX NGV, 2002-2007 and 2010-2011 CR-V, 2003-2011 Element, 2007 Fit, 2002-2004 Odyssey, 2003-2008 Pilot, and 2006-2014 Ridgeline vehicles.  The affected vehicles received a replacement driver air bag inflator as part of a previous Takata inflator recall remedy or a replacement driver air bag module containing the same inflator type as a service part.  Due to a manufacturing error, in the event of a crash necessitating deployment of the driver frontal air bag, these inflators may explode.",2019-03-06,"An explosion of an inflator within the driver frontal air bag module may result in sharp metal fragments striking the driver, front seat passenger or other occupants resulting in serious injury or death.","Honda will notify owners, and dealers will replace the driver's air bag inflator with an alternate inflator, free of charge.  The recall began April 10, 2019.  Honda owners may contact customer service at 1-888-234-2138.  Honda's number for this recall is O41.  Acura owners may contact customer service at 1-888-234-2138.  Acura's number for this recall is U40.",Honda (American Honda Motor Co.),EA15001,acura_ilx_2013,22,31,25,4.0,2.4,Manual 6-spd,Compact Cars,361.0,Premium,784,0.06,0.918,0.021,-0.5423
acura,ilx,2013,19V500000,AIR BAGS:FRONTAL:DRIVER SIDE:INFLATOR MODULE,"Honda (American Honda Motor Co.) is recalling certain 2013 Acura ILX, 2015 RDX, 2005-2010 and 2012 RL, 2009-2014 TL, 2010 and 2012 ZDX, 2007-2011 CR-V, 2011-2013 and 2015 CR-Z, 2009-2013 Fit, 2013 Fit EV, 2010-2011 and 2013 Insight and 2007-2014 Ridgeline vehicles. 

These vehicles are equipped with driver frontal air bag inflators assembled as a recall remedy part or replacement service part, that may explode due to propellant degradation occurring after long-term exposure to high absolute humidity, temperature and temperature cycling.",2019-06-27,An inflator explosion may result in sharp metal fragments striking the driver or other occupants resulting in serious injury or death.,"Honda will notify owners, and dealers will replace the driver frontal air bag inflator, free of charge.  The recall began August 12, 2019.  Owners may contact Honda customer service at 1-888-234-2138.  Honda's numbers for this recall are S5B and W59.",Honda (American Honda Motor Co.),EA15001,acura_ilx_2013,24,34,27,4.0,2.0,Automatic (S5),Compact Cars,322.0,Premium,544,0.039,0.879,0.082,0.4019
acura,ilx,2013,19V500000,AIR BAGS:FRONTAL:DRIVER SIDE:INFLATOR MODULE,"Honda (American Honda Motor Co.) is recalling certain 2013 Acura ILX, 2015 RDX, 2005-2010 and 2012 RL, 2009-2014 TL, 2010 and 2012 ZDX, 2007-2011 CR-V, 2011-2013 and 2015 CR-Z, 2009-2013 Fit, 2013 Fit EV, 2010-2011 and 2013 Insight and 2007-2014 Ridgeline vehicles. 

These vehicles are equipped with driver frontal air bag inflators assembled as a recall remedy part or replacement service part, that may explode due to propellant degradation occurring after long-term exposure to high absolute humidity, temperature and temperature cycling.",2019-06-27,An inflator explosion may result in sharp metal fragments striking the driver or other occupants resulting in serious injury or death.,"Honda will notify owners, and dealers will replace the driver frontal air bag inflator, free of charge.  The recall began August 12, 2019.  Owners may contact Honda customer service at 1-888-234-2138.  Honda's numbers for this recall are S5B and W59.",Honda (American Honda Motor Co.),EA15001,acura_ilx_2013,22,31,25,4.0,2.4,Manual 6-spd,Compact Cars,361.0,Premium,544,0.039,0.879,0.082,0.4019
acura,ilx,2013,14V323000,EXTERIOR LIGHTING:HEADLIGHTS,"American Honda Motor Co., Inc (Honda) is recalling certain model year 2013 Acura ILX vehicles manufactured January 16, 2012 to March 1, 2013, ILX Hybrid vehicles manufactured January 12, 2012 to February 7, 2013, and certain model year 2014 ILX vehicles manufactured May 2, 2013, to May 31, 2014, and ILX Hybrid vehicles manufactured October 18, 2013 to February 19, 2014.  Excessive heat temperatures around the headlight bulb and reflector unit may diminish the output of the headlight and cause smoke, melting, and fire.  Thus, these vehicles fail to comply with the requirements of Federal Motor Vehicle Safety Standard No. 108, ""Lamps, Reflective Devices, and Associated Equipment.""",2014-06-13,"The diminished light output may decrease the driver's visibility, increasing the risk of a crash.  Additonally, the excessive heat coming from around the bulb and reflector could cause the headlights to overheat, increasing the risk of a fire.","Honda will notify owners, and dealers will replace the headlights, free of charge.  The recall began in July 2014.  Owners may contact Acura customer service at 1-800-862-2872.  Honda's number for this recall is JE9.",Honda (American Honda Motor Co.),,acura_ilx_2013,24,34,27,4.0,2.0,Automatic (S5),Compact Cars,322.0,Premium,687,0.07,0.87,0.06,-0.2732
acura,ilx,2013,14V323000,EXTERIOR LIGHTING:HEADLIGHTS,"American Honda Motor Co., Inc (Honda) is recalling certain model year 2013 Acura ILX vehicles manufactured January 16, 2012 to March 1, 2013, ILX Hybrid vehicles manufactured January 12, 2012 to February 7, 2013, and certain model year 2014 ILX vehicles manufactured May 2, 2013, to May 31, 2014, and ILX Hybrid vehicles manufactured October 18, 2013 to February 19, 2014.  Excessive heat temperatures around the headlight bulb and reflector unit may diminish the output of the headlight and cause smoke, melting, and fire.  Thus, these vehicles fail to comply with the requirements of Federal Motor Vehicle Safety Standard No. 108, ""Lamps, Reflective Devices, and Associated Equipment.""",2014-06-13,"The diminished light output may decrease the driver's visibility, increasing the risk of a crash.  Additonally, the excessive heat coming from around the bulb and reflector could cause the headlights to overheat, increasing the risk of a fire.","Honda will notify owners, and dealers will replace the headlights, free of charge.  The recall began in July 2014.  Owners may contact Acura customer service at 1-800-862-2872.  Honda's number for this recall is JE9.",Honda (American Honda Motor Co.),,acura_ilx_2013,22,31,25,4.0,2.4,Manual 6-spd,Compact Cars,361.0,Premium,687,0.07,0.87,0.06,-0.2732
acura,ilx,2013,16V061000,AIR BAGS:FRONTAL:DRIVER SIDE:INFLATOR MODULE,"Honda (American Honda Motor Co.) is recalling certain model year 2007-2011 Honda CR-V, 2011-2015 CR-Z, 2010-2014 FCX, and Insight, 2009-2013 Fit, 2013-2014 Fit EV, 2007-2014 Ridgeline, 2013-2016 Acura ILX, 2013-2014 Acura ILX Hybrid, 2007-2016 RDX, 2005-2012 Acura RL, 2009-2014 Acura TL, and 2010-2013 Acura ZDX vehicles.  The affected vehicles are equipped with a dual-stage driver frontal air bag that may be susceptible to moisture intrusion which, over time, could cause the inflator to rupture.",2016-02-03,"In the event of a crash necessitating deployment of the driver's frontal air bag, the inflator could rupture with metal fragments striking the driver or other occupants resulting in serious injury or death.","Honda will notify owners, and dealers will replace the inflator, free of charge. The recall began March 2017.  Owners may contact Honda customer service at 1-888-234-2138.  Honda's numbers for this recall are JY0, JY1, and JY2.",Honda (American Honda Motor Co.),EA15001,acura_ilx_2013,24,34,27,4.0,2.0,Automatic (S5),Compact Cars,322.0,Premium,500,0.021,0.888,0.091,0.6705
acura,ilx,2013,16V061000,AIR BAGS:FRONTAL:DRIVER SIDE:INFLATOR MODULE,"Honda (American Honda Motor Co.) is recalling certain model year 2007-2011 Honda CR-V, 2011-2015 CR-Z, 2010-2014 FCX, and Insight, 2009-2013 Fit, 2013-2014 Fit EV, 2007-2014 Ridgeline, 2013-2016 Acura ILX, 2013-2014 Acura ILX Hybrid, 2007-2016 RDX, 2005-2012 Acura RL, 2009-2014 Acura TL, and 2010-2013 Acura ZDX vehicles.  The affected vehicles are equipped with a dual-stage driver frontal air bag that may be susceptible to moisture intrusion which, over time, could cause the inflator to rupture.",2016-02-03,"In the event of a crash necessitating deployment of the driver's frontal air bag, the inflator could rupture with metal fragments striking the driver or other occupants resulting in serious injury or death.","Honda will notify owners, and dealers will replace the inflator, free of charge. The recall began March 2017.  Owners may contact Honda customer service at 1-888-234-2138.  Honda's numbers for this recall are JY0, JY1, and JY2.",Honda (American Honda Motor Co.),EA15001,acura_ilx_2013,22,31,25,4.0,2.4,Manual 6-spd,Compact Cars,361.0,Premium,500,0.021,0.888,0.091,0.6705
acura,ilx,2013,12V338000,LATCHES/LOCKS/LINKAGES:DOORS:LATCH,"Honda is recalling certain model year 2012 Honda CR-V and model year 2013 Acura ILX vehicles.  If the manual or power door lock is activated while an interior front door handle is being operated by an occupant, the cable connecting the interior door handle to the door latch mechanism may become loose and move out of position.  There is a possibility that the cable can move far enough out of position to prevent the door from properly latching.",2012-07-19,"If the door is not fully latched, the door may open while driving or in a crash, increasing the risk of personal injury to the vehicle occupants.","Honda will notify owners, and dealers will replace the front door latch assemblies in the affected vehicles, free of charge.  Additionally, the interior front door handles in certain Honda CR-Vs will also be replaced, free of charge.  The safety recall is expected to begin on, or about, August 16, 2012.  Owners may contact Honda customer service at 1-800-999-1009.",HONDA (AMERICAN HONDA MOTOR CO.),,acura_ilx_2013,24,34,27,4.0,2.0,Automatic (S5),Compact Cars,322.0,Premium,446,0.029,0.931,0.04,-0.0258
acura,ilx,2013,12V338000,LATCHES/LOCKS/LINKAGES:DOORS:LATCH,"Honda is recalling certain model year 2012 Honda CR-V and model year 2013 Acura ILX vehicles.  If the manual or power door lock is activated while an interior front door handle is being operated by an occupant, the cable connecting the interior door handle to the door latch mechanism may become loose and move out of position.  There is a possibility that the cable can move far enough out of position to prevent the door from properly latching.",2012-07-19,"If the door is not fully latched, the door may open while driving or in a crash, increasing the risk of personal injury to the vehicle occupants.","Honda will notify owners, and dealers will replace the front door latch assemblies in the affected vehicles, free of charge.  Additionally, the interior front door handles in certain Honda CR-Vs will also be replaced, free of charge.  The safety recall is expected to begin on, or about, August 16, 2012.  Owners may contact Honda customer service at 1-800-999-1009.",HONDA (AMERICAN HONDA MOTOR CO.),,acura_ilx_2013,22,31,25,4.0,2.4,Manual 6-spd,Compact Cars,361.0,Premium,446,0.029,0.931,0.04,-0.0258
acura,ilx,2013,20V770000,POWER TRAIN:DRIVELINE:DRIVESHAFT,"Honda (American Honda Motor Co.) is recalling certain 2013-2015 Acura ILX, 2013 Acura ILX Hybrid, 2012 Honda Civic Hybrid, and 2007-2008 Honda Fit vehicles with a manual transmission and 2009-2013 Honda Fit vehicles originally sold, or ever registered, in Connecticut, Delaware, District of Columbia, Illinois, Indiana, Iowa, Kentucky, Maine, Maryland, Massachusetts, Michigan, Minnesota, Missouri, New Hampshire, New Jersey, New York, Ohio, Pennsylvania, Rhode Island, Vermont, Virginia, West Virginia, and Wisconsin.  The drive shafts' protective coating may not have been applied properly during manufacturing, making it more susceptible to damage from road salt, or other contaminants, and potentially cause it to break.",2020-12-10,A broken drive shaft may cause a sudden loss of drive power.  The vehicle could also roll away if the parking brake has not been applied before the vehicle has been exited.  Either condition can increase the risk of a crash or injury.,"Honda will notify owners, and dealers will inspect the drive shafts, replacing either the left or right drive shaft, if necessary, free of charge.  Owners were notified of the safety risk with an interim letter mailed February 2, 2021.  A second letter will be sent once the remedy is available.  Owners may contact Honda customer service at 1-888-234-2138.  Honda's numbers for this recall are P9M, PAV, BAY, TAX, CA0, and MAZ.",Honda (American Honda Motor Co.),,acura_ilx_2013,24,34,27,4.0,2.0,Automatic (S5),Compact Cars,322.0,Premium,724,0.033,0.901,0.067,0.3892
acura,ilx,2013,20V770000,POWER TRAIN:DRIVELINE:DRIVESHAFT,"Honda (American Honda Motor Co.) is recalling certain 2013-2015 Acura ILX, 2013 Acura ILX Hybrid, 2012 Honda Civic Hybrid, and 2007-2008 Honda Fit vehicles with a manual transmission and 2009-2013 Honda Fit vehicles originally sold, or ever registered, in Connecticut, Delaware, District of Columbia, Illinois, Indiana, Iowa, Kentucky, Maine, Maryland, Massachusetts, Michigan, Minnesota, Missouri, New Hampshire, New Jersey, New York, Ohio, Pennsylvania, Rhode Island, Vermont, Virginia, West Virginia, and Wisconsin.  The drive shafts' protective coating may not have been applied properly during manufacturing, making it more susceptible to damage from road salt, or other contaminants, and potentially cause it to break.",2020-12-10,A broken drive shaft may cause a sudden loss of drive power.  The vehicle could also roll away if the parking brake has not been applied before the vehicle has been exited.  Either condition can increase the risk of a crash or injury.,"Honda will notify owners, and dealers will inspect the drive shafts, replacing either the left or right drive shaft, if necessary, free of charge.  Owners were notified of the safety risk with an interim letter mailed February 2, 2021.  A second letter will be sent once the remedy is available.  Owners may contact Honda customer service at 1-888-234-2138.  Honda's numbers for this recall are P9M, PAV, BAY, TAX, CA0, and MAZ.",Honda (American Honda Motor Co.),,acura_ilx_2013,22,31,25,4.0,2.4,Manual 6-spd,Compact Cars,361.0,Premium,724,0.033,0.901,0.067,0.3892
acura,ilxhybrid,2013,19V182000,AIR BAGS:FRONTAL:DRIVER SIDE:INFLATOR MODULE,"Honda (American Honda Motor Co.) is recalling specific 2003 Acura 3.2CL, 2013-2016 ILX, 2013-2014 ILX Hybrid, 2003-2006 MDX, 2007-2016 RDX, 2002-2003 3.2TL, 2004-2006, and 2009-2014 TL, 2010-2013 ZDX and 2001-2007 and 2009 Honda Accord, 2001-2005 Civic, 2003-2005 Civic Hybrid, 2001-2005 Civic GX NGV, 2002-2007 and 2010-2011 CR-V, 2003-2011 Element, 2007 Fit, 2002-2004 Odyssey, 2003-2008 Pilot, and 2006-2014 Ridgeline vehicles.  The affected vehicles received a replacement driver air bag inflator as part of a previous Takata inflator recall remedy or a replacement driver air bag module containing the same inflator type as a service part.  Due to a manufacturing error, in the event of a crash necessitating deployment of the driver frontal air bag, these inflators may explode.",2019-03-06,"An explosion of an inflator within the driver frontal air bag module may result in sharp metal fragments striking the driver, front seat passenger or other occupants resulting in serious injury or death.","Honda will notify owners, and dealers will replace the driver's air bag inflator with an alternate inflator, free of charge.  The recall began April 10, 2019.  Honda owners may contact customer service at 1-888-234-2138.  Honda's number for this recall is O41.  Acura owners may contact customer service at 1-888-234-2138.  Acura's number for this recall is U40.",Honda (American Honda Motor Co.),EA15001,acura_ilxhybrid_2013,38,38,38,4.0,1.5,Automatic (AV-S7),Compact Cars,228.0,Premium,784,0.06,0.918,0.021,-0.5423
acura,ilxhybrid,2013,20V770000,POWER TRAIN:DRIVELINE:DRIVESHAFT,"Honda (American Honda Motor Co.) is recalling certain 2013-2015 Acura ILX, 2013 Acura ILX Hybrid, 2012 Honda Civic Hybrid, and 2007-2008 Honda Fit vehicles with a manual transmission and 2009-2013 Honda Fit vehicles originally sold, or ever registered, in Connecticut, Delaware, District of Columbia, Illinois, Indiana, Iowa, Kentucky, Maine, Maryland, Massachusetts, Michigan, Minnesota, Missouri, New Hampshire, New Jersey, New York, Ohio, Pennsylvania, Rhode Island, Vermont, Virginia, West Virginia, and Wisconsin.  The drive shafts' protective coating may not have been applied properly during manufacturing, making it more susceptible to damage from road salt, or other contaminants, and potentially cause it to break.",2020-12-10,A broken drive shaft may cause a sudden loss of drive power.  The vehicle could also roll away if the parking brake has not been applied before the vehicle has been exited.  Either condition can increase the risk of a crash or injury.,"Honda will notify owners, and dealers will inspect the drive shafts, replacing either the left or right drive shaft, if necessary, free of charge.  Owners were notified of the safety risk with an interim letter mailed February 2, 2021.  A second letter will be sent once the remedy is available.  Owners may contact Honda customer service at 1-888-234-2138.  Honda's numbers for this recall are P9M, PAV, BAY, TAX, CA0, and MAZ.",Honda (American Honda Motor Co.),,acura_ilxhybrid_2013,38,38,38,4.0,1.5,Automatic (AV-S7),Compact Cars,228.0,Premium,724,0.033,0.901,0.067,0.3892
acura,tsx,2013,18V661000,AIR BAGS:FRONTAL:PASSENGER SIDE:INFLATOR MODULE,"Honda (American Honda Motor Co.) is recalling certain 2014 Honda Insight and Acura TSX and TSX Wagon, 2014-2015 Honda Crosstour and Pilot vehicles nationwide, as well as certain 2014 Honda FCX Clarity and Fit EV vehicles in Florida, Hawaii, Puerto Rico, Texas, Alabama, Georgia, Louisiana, Mississippi, South Carolina, California, American Samoa, Guam, the Northern Mariana Islands (Saipan) and the U.S. Virgin Islands.

Honda is also recalling certain 2011-2013 Acura TSX, TSX Wagon and ZDX, Honda Crosstour, Insight, Fit and Pilot vehicles, 2011-2012 Honda Accord and 2011 Honda Civic NGV, Civic, Civic Hybrid and CR-V vehicles in Arizona, Arkansas, Delaware, the District of Columbia, Illinois, Indiana, Kansas, Kentucky, Maryland, Missouri, Nebraska, Nevada, New Jersey, New Mexico, North Carolina, Ohio, Oklahoma, Pennsylvania, Tennessee, Virginia and West Virginia.

Lastly, Honda is recalling certain 2010-2013 Acura TSX and ZDX, Honda Crosstour, Fit, Insight and Pilot, 2011-2013 TSX Wagon, 2010-2012 Honda Accord and 2010-2011 Honda Civic NGV, Civic, Civic Hybrid and CR-V vehicles in Alaska, Colorado, Connecticut, Idaho, Iowa, Maine, Massachusetts, Michigan, Minnesota, Montana, New Hampshire, New York, North Dakota, Oregon, Rhode Island, South Dakota, Utah, Vermont, Washington, Wisconsin and Wyoming.

These vehicles are equipped with certain air bag air bag inflators assembled as part of the frontal air bag modules, and used as original equipment or replacement equipment (such as after a vehicle crash necessitating replacement of the original air bags), may explode due to propellant degradation occurring after long-term exposure to higher absolute humidity, temperature and temperature cycling.",2018-09-27,An inflator explosion may result in sharp metal fragments striking the driver or other occupants resulting in serious injury or death.,"Honda will notify owners, and dealers will replace the passenger frontal air bag inflator, free of charge. The recall began November 6, 2018.  Owners may contact Honda customer service at 1-888-234-2138.  Honda's numbers for this recall are M2J and S2K.",Honda (American Honda Motor Co.),EA15001,acura_tsx_2013,21,29,24,4.0,2.4,Manual 6-spd,Compact Cars,373.0,Premium,1721,0.023,0.873,0.104,0.946
acura,tsx,2013,18V661000,AIR BAGS:FRONTAL:PASSENGER SIDE:INFLATOR MODULE,"Honda (American Honda Motor Co.) is recalling certain 2014 Honda Insight and Acura TSX and TSX Wagon, 2014-2015 Honda Crosstour and Pilot vehicles nationwide, as well as certain 2014 Honda FCX Clarity and Fit EV vehicles in Florida, Hawaii, Puerto Rico, Texas, Alabama, Georgia, Louisiana, Mississippi, South Carolina, California, American Samoa, Guam, the Northern Mariana Islands (Saipan) and the U.S. Virgin Islands.

Honda is also recalling certain 2011-2013 Acura TSX, TSX Wagon and ZDX, Honda Crosstour, Insight, Fit and Pilot vehicles, 2011-2012 Honda Accord and 2011 Honda Civic NGV, Civic, Civic Hybrid and CR-V vehicles in Arizona, Arkansas, Delaware, the District of Columbia, Illinois, Indiana, Kansas, Kentucky, Maryland, Missouri, Nebraska, Nevada, New Jersey, New Mexico, North Carolina, Ohio, Oklahoma, Pennsylvania, Tennessee, Virginia and West Virginia.

Lastly, Honda is recalling certain 2010-2013 Acura TSX and ZDX, Honda Crosstour, Fit, Insight and Pilot, 2011-2013 TSX Wagon, 2010-2012 Honda Accord and 2010-2011 Honda Civic NGV, Civic, Civic Hybrid and CR-V vehicles in Alaska, Colorado, Connecticut, Idaho, Iowa, Maine, Massachusetts, Michigan, Minnesota, Montana, New Hampshire, New York, North Dakota, Oregon, Rhode Island, South Dakota, Utah, Vermont, Washington, Wisconsin and Wyoming.

These vehicles are equipped with certain air bag air bag inflators assembled as part of the frontal air bag modules, and used as original equipment or replacement equipment (such as after a vehicle crash necessitating replacement of the original air bags), may explode due to propellant degradation occurring after long-term exposure to higher absolute humidity, temperature and temperature cycling.",2018-09-27,An inflator explosion may result in sharp metal fragments striking the driver or other occupants resulting in serious injury or death.,"Honda will notify owners, and dealers will replace the passenger frontal air bag inflator, free of charge. The recall began November 6, 2018.  Owners may contact Honda customer service at 1-888-234-2138.  Honda's numbers for this recall are M2J and S2K.",Honda (American Honda Motor Co.),EA15001,acura_tsx_2013,22,31,25,4.0,2.4,Automatic (S5),Compact Cars,349.0,Premium,1721,0.023,0.873,0.104,0.946
acura,tsx,2013,18V661000,AIR BAGS:FRONTAL:PASSENGER SIDE:INFLATOR MODULE,"Honda (American Honda Motor Co.) is recalling certain 2014 Honda Insight and Acura TSX and TSX Wagon, 2014-2015 Honda Crosstour and Pilot vehicles nationwide, as well as certain 2014 Honda FCX Clarity and Fit EV vehicles in Florida, Hawaii, Puerto Rico, Texas, Alabama, Georgia, Louisiana, Mississippi, South Carolina, California, American Samoa, Guam, the Northern Mariana Islands (Saipan) and the U.S. Virgin Islands.

Honda is also recalling certain 2011-2013 Acura TSX, TSX Wagon and ZDX, Honda Crosstour, Insight, Fit and Pilot vehicles, 2011-2012 Honda Accord and 2011 Honda Civic NGV, Civic, Civic Hybrid and CR-V vehicles in Arizona, Arkansas, Delaware, the District of Columbia, Illinois, Indiana, Kansas, Kentucky, Maryland, Missouri, Nebraska, Nevada, New Jersey, New Mexico, North Carolina, Ohio, Oklahoma, Pennsylvania, Tennessee, Virginia and West Virginia.

Lastly, Honda is recalling certain 2010-2013 Acura TSX and ZDX, Honda Crosstour, Fit, Insight and Pilot, 2011-2013 TSX Wagon, 2010-2012 Honda Accord and 2010-2011 Honda Civic NGV, Civic, Civic Hybrid and CR-V vehicles in Alaska, Colorado, Connecticut, Idaho, Iowa, Maine, Massachusetts, Michigan, Minnesota, Montana, New Hampshire, New York, North Dakota, Oregon, Rhode Island, South Dakota, Utah, Vermont, Washington, Wisconsin and Wyoming.

These vehicles are equipped with certain air bag air bag inflators assembled as part of the frontal air bag modules, and used as original equipment or replacement equipment (such as after a vehicle crash necessitating replacement of the original air bags), may explode due to propellant degradation occurring after long-term exposure to higher absolute humidity, temperature and temperature cycling.",2018-09-27,An inflator explosion may result in sharp metal fragments striking the driver or other occupants resulting in serious injury or death.,"Honda will notify owners, and dealers will replace the passenger frontal air bag inflator, free of charge. The recall began November 6, 2018.  Owners may contact Honda customer service at 1-888-234-2138.  Honda's numbers for this recall are M2J and S2K.",Honda (American Honda Motor Co.),EA15001,acura_tsx_2013,19,28,22,6.0,3.5,Automatic (S5),Compact Cars,394.0,Premium,1721,0.023,0.873,0.104,0.946
acura,tsx,2013,19V378000,AIR BAGS:FRONTAL:PASSENGER SIDE:INFLATOR MODULE,"Honda (American Honda Motor Co.) is recalling certain 2009-2014 Acura TSX, 2011-2013 TSX Sport Wagon, and 2010-2012 ZDX and 2008-2012 Honda Accord, 2010-2011 Accord Crosstour, 2006-2011 Civic, Civic Hybrid and Civic NGV, 2012-2014 Crosstour, 2007-2011 CR-V, 2009-2013 Fit, 2010-2013 Insight, and 2009-2015 Pilot vehicles.  The front passenger air bag inflator may have been installed incorrectly during replacement.",2019-05-16,"An incorrectly installed air bag inflator may not properly deploy the passenger frontal air bag in the event of a crash, increasing the risk of injury.","Honda will notify owners, and dealers will inspect the inflator installation and, if necessary, replace the passenger frontal air bag module assembly, free of charge.  The recall began July 5, 2019.  Owners may contact Honda customer service at 1-888-234-2138.  Honda's numbers for this recall are M4O, P4R, T4Q, and W4P.",Honda (American Honda Motor Co.),,acura_tsx_2013,21,29,24,4.0,2.4,Manual 6-spd,Compact Cars,373.0,Premium,415,0.0,0.923,0.077,0.5574
acura,tsx,2013,19V378000,AIR BAGS:FRONTAL:PASSENGER SIDE:INFLATOR MODULE,"Honda (American Honda Motor Co.) is recalling certain 2009-2014 Acura TSX, 2011-2013 TSX Sport Wagon, and 2010-2012 ZDX and 2008-2012 Honda Accord, 2010-2011 Accord Crosstour, 2006-2011 Civic, Civic Hybrid and Civic NGV, 2012-2014 Crosstour, 2007-2011 CR-V, 2009-2013 Fit, 2010-2013 Insight, and 2009-2015 Pilot vehicles.  The front passenger air bag inflator may have been installed incorrectly during replacement.",2019-05-16,"An incorrectly installed air bag inflator may not properly deploy the passenger frontal air bag in the event of a crash, increasing the risk of injury.","Honda will notify owners, and dealers will inspect the inflator installation and, if necessary, replace the passenger frontal air bag module assembly, free of charge.  The recall began July 5, 2019.  Owners may contact Honda customer service at 1-888-234-2138.  Honda's numbers for this recall are M4O, P4R, T4Q, and W4P.",Honda (American Honda Motor Co.),,acura_tsx_2013,22,31,25,4.0,2.4,Automatic (S5),Compact Cars,349.0,Premium,415,0.0,0.923,0.077,0.5574
acura,tsx,2013,19V378000,AIR BAGS:FRONTAL:PASSENGER SIDE:INFLATOR MODULE,"Honda (American Honda Motor Co.) is recalling certain 2009-2014 Acura TSX, 2011-2013 TSX Sport Wagon, and 2010-2012 ZDX and 2008-2012 Honda Accord, 2010-2011 Accord Crosstour, 2006-2011 Civic, Civic Hybrid and Civic NGV, 2012-2014 Crosstour, 2007-2011 CR-V, 2009-2013 Fit, 2010-2013 Insight, and 2009-2015 Pilot vehicles.  The front passenger air bag inflator may have been installed incorrectly during replacement.",2019-05-16,"An incorrectly installed air bag inflator may not properly deploy the passenger frontal air bag in the event of a crash, increasing the risk of injury.","Honda will notify owners, and dealers will inspect the inflator installation and, if necessary, replace the passenger frontal air bag module assembly, free of charge.  The recall began July 5, 2019.  Owners may contact Honda customer service at 1-888-234-2138.  Honda's numbers for this recall are M4O, P4R, T4Q, and W4P.",Honda (American Honda Motor Co.),,acura_tsx_2013,19,28,22,6.0,3.5,Automatic (S5),Compact Cars,394.0,Premium,415,0.0,0.923,0.077,0.5574
acura,tsx,2013,19V502000,AIR BAGS:FRONTAL:PASSENGER SIDE:INFLATOR MODULE,"Honda (American Honda Motor Co.) is recalling certain 2009-2014 Acura TSX, 2011-2014 TSX Sport Wagon, 2010-2013 ZDX, 2008-2012 Honda Accord, 2010-2011 Accord Crosstour, 2006-2011 Civic and Civic Hybrid, 2008-2010 Civic GX NGV, 2012-2015 Crosstour, 2007-2011 CR-V, 2009-2013 Fit, 2014 Fit EV, 2010-2014 Insight, and 2009-2015 Pilot vehicles. 

The vehicles are equipped with passenger frontal air bag inflators assembled as a recall remedy part or replacement service part, that may explode due to propellant degradation occurring after long-term exposure to high absolute humidity, temperature and temperature cycling.",2019-06-27,An inflator explosion may result in sharp metal fragments striking the driver or other occupants resulting in serious injury or death.,"Honda will notify owners, and dealers will replace the passenger frontal air bag inflator, free of charge.  The recall began August 12, 2019.  Owners may contact Honda customer service at 1-888-234-2138.  Honda's numbers for this recall are F5F and Q5E.",Honda (American Honda Motor Co.),EA15001,acura_tsx_2013,21,29,24,4.0,2.4,Manual 6-spd,Compact Cars,373.0,Premium,620,0.037,0.885,0.078,0.4019
acura,tsx,2013,19V502000,AIR BAGS:FRONTAL:PASSENGER SIDE:INFLATOR MODULE,"Honda (American Honda Motor Co.) is recalling certain 2009-2014 Acura TSX, 2011-2014 TSX Sport Wagon, 2010-2013 ZDX, 2008-2012 Honda Accord, 2010-2011 Accord Crosstour, 2006-2011 Civic and Civic Hybrid, 2008-2010 Civic GX NGV, 2012-2015 Crosstour, 2007-2011 CR-V, 2009-2013 Fit, 2014 Fit EV, 2010-2014 Insight, and 2009-2015 Pilot vehicles. 

The vehicles are equipped with passenger frontal air bag inflators assembled as a recall remedy part or replacement service part, that may explode due to propellant degradation occurring after long-term exposure to high absolute humidity, temperature and temperature cycling.",2019-06-27,An inflator explosion may result in sharp metal fragments striking the driver or other occupants resulting in serious injury or death.,"Honda will notify owners, and dealers will replace the passenger frontal air bag inflator, free of charge.  The recall began August 12, 2019.  Owners may contact Honda customer service at 1-888-234-2138.  Honda's numbers for this recall are F5F and Q5E.",Honda (American Honda Motor Co.),EA15001,acura_tsx_2013,22,31,25,4.0,2.4,Automatic (S5),Compact Cars,349.0,Premium,620,0.037,0.885,0.078,0.4019
acura,tsx,2013,19V502000,AIR BAGS:FRONTAL:PASSENGER SIDE:INFLATOR MODULE,"Honda (American Honda Motor Co.) is recalling certain 2009-2014 Acura TSX, 2011-2014 TSX Sport Wagon, 2010-2013 ZDX, 2008-2012 Honda Accord, 2010-2011 Accord Crosstour, 2006-2011 Civic and Civic Hybrid, 2008-2010 Civic GX NGV, 2012-2015 Crosstour, 2007-2011 CR-V, 2009-2013 Fit, 2014 Fit EV, 2010-2014 Insight, and 2009-2015 Pilot vehicles. 

The vehicles are equipped with passenger frontal air bag inflators assembled as a recall remedy part or replacement service part, that may explode due to propellant degradation occurring after long-term exposure to high absolute humidity, temperature and temperature cycling.",2019-06-27,An inflator explosion may result in sharp metal fragments striking the driver or other occupants resulting in serious injury or death.,"Honda will notify owners, and dealers will replace the passenger frontal air bag inflator, free of charge.  The recall began August 12, 2019.  Owners may contact Honda customer service at 1-888-234-2138.  Honda's numbers for this recall are F5F and Q5E.",Honda (American Honda Motor Co.),EA15001,acura_tsx_2013,19,28,22,6.0,3.5,Automatic (S5),Compact Cars,394.0,Premium,620,0.037,0.885,0.078,0.4019
acura,tsx,2013,18V042000,AIR BAGS:FRONTAL:PASSENGER SIDE:INFLATOR MODULE,"Honda (American Honda Motor Co.) is recalling certain 2010-2013 Acura TSX, ZDX, Honda Accord Crosstour, Fit, Insight and Pilot vehicles, 2011-13 Acura TSX Sportswagon, 2010-2012 Honda Accord,, 2010-2011 Honda Civic, Civic NGV, Civic Hybrid and CR-V vehicles and 2013 Honda FCX Clarity and Fit EV vehicles ever registered in the states of Alabama, California, Florida, Georgia, Hawaii, Louisiana, Mississippi, South Carolina, Texas, Puerto Rico, American Samoa, Guam, the Northern Mariana Islands (Saipan), and the U.S. Virgin Islands or ""Zone A.""

Additionally, Honda is recalling certain 2010-2012 Acura TSX, Honda Accord, Accord Crosstour, Fit and Pilot, 2010-2011 Honda Civic, Civic NGV, Civic Hybrid and CR-V, and 2010 Acura ZDX and Honda Insight vehicles ever registered in the states of Arizona, Arkansas, Delaware, District of Columbia, Illinois, Indiana, Kansas, Kentucky, Maryland, Missouri, Nebraska, Nevada, New Jersey, New Mexico, North Carolina, Ohio, Oklahoma, Pennsylvania, Tennessee, Virginia, and West Virginia or ""Zone B.""

Unless included in Zones A or B above, Honda is recalling certain 2009 Acura TSX, Honda Accord, Civic, Civic NGV, Civic Hybrid, CR-V, Fit, and Pilot vehicles ever registered in the states of Alaska, Colorado, Connecticut, Idaho, Iowa, Maine, Massachusetts, Michigan, Minnesota, Montana, New Hampshire, New York, North Dakota, Oregon, Rhode Island, South Dakota, Utah, Vermont, Washington, Wisconsin, and Wyoming or ""Zone C.""

These vehicles are equipped with certain air bag inflators assembled as part of the frontal air bag modules, and used as original equipment or replacement equipment (such as after a vehicle crash necessitating replacement of the original air bags), may explode due to propellant degradation occurring after long-term exposure to higher absolute humidity, temperature and temperature cycling.",2018-01-09,An inflator explosion may result in sharp metal fragments striking the driver or other occupants resulting in serious injury or death.,"Honda will notify owners, and dealers will replace the passenger frontal air bag inflator, free of charge.  The recall began February 16, 2018.  Owners may contact Honda customer service at 1-888-234-2138.  Honda's numbers for this recall are B0K and L0J.",Honda (American Honda Motor Co.),EA15001,acura_tsx_2013,21,29,24,4.0,2.4,Manual 6-spd,Compact Cars,373.0,Premium,1865,0.021,0.888,0.09,0.9393
acura,tsx,2013,18V042000,AIR BAGS:FRONTAL:PASSENGER SIDE:INFLATOR MODULE,"Honda (American Honda Motor Co.) is recalling certain 2010-2013 Acura TSX, ZDX, Honda Accord Crosstour, Fit, Insight and Pilot vehicles, 2011-13 Acura TSX Sportswagon, 2010-2012 Honda Accord,, 2010-2011 Honda Civic, Civic NGV, Civic Hybrid and CR-V vehicles and 2013 Honda FCX Clarity and Fit EV vehicles ever registered in the states of Alabama, California, Florida, Georgia, Hawaii, Louisiana, Mississippi, South Carolina, Texas, Puerto Rico, American Samoa, Guam, the Northern Mariana Islands (Saipan), and the U.S. Virgin Islands or ""Zone A.""

Additionally, Honda is recalling certain 2010-2012 Acura TSX, Honda Accord, Accord Crosstour, Fit and Pilot, 2010-2011 Honda Civic, Civic NGV, Civic Hybrid and CR-V, and 2010 Acura ZDX and Honda Insight vehicles ever registered in the states of Arizona, Arkansas, Delaware, District of Columbia, Illinois, Indiana, Kansas, Kentucky, Maryland, Missouri, Nebraska, Nevada, New Jersey, New Mexico, North Carolina, Ohio, Oklahoma, Pennsylvania, Tennessee, Virginia, and West Virginia or ""Zone B.""

Unless included in Zones A or B above, Honda is recalling certain 2009 Acura TSX, Honda Accord, Civic, Civic NGV, Civic Hybrid, CR-V, Fit, and Pilot vehicles ever registered in the states of Alaska, Colorado, Connecticut, Idaho, Iowa, Maine, Massachusetts, Michigan, Minnesota, Montana, New Hampshire, New York, North Dakota, Oregon, Rhode Island, South Dakota, Utah, Vermont, Washington, Wisconsin, and Wyoming or ""Zone C.""

These vehicles are equipped with certain air bag inflators assembled as part of the frontal air bag modules, and used as original equipment or replacement equipment (such as after a vehicle crash necessitating replacement of the original air bags), may explode due to propellant degradation occurring after long-term exposure to higher absolute humidity, temperature and temperature cycling.",2018-01-09,An inflator explosion may result in sharp metal fragments striking the driver or other occupants resulting in serious injury or death.,"Honda will notify owners, and dealers will replace the passenger frontal air bag inflator, free of charge.  The recall began February 16, 2018.  Owners may contact Honda customer service at 1-888-234-2138.  Honda's numbers for this recall are B0K and L0J.",Honda (American Honda Motor Co.),EA15001,acura_tsx_2013,22,31,25,4.0,2.4,Automatic (S5),Compact Cars,349.0,Premium,1865,0.021,0.888,0.09,0.9393
acura,tsx,2013,18V042000,AIR BAGS:FRONTAL:PASSENGER SIDE:INFLATOR MODULE,"Honda (American Honda Motor Co.) is recalling certain 2010-2013 Acura TSX, ZDX, Honda Accord Crosstour, Fit, Insight and Pilot vehicles, 2011-13 Acura TSX Sportswagon, 2010-2012 Honda Accord,, 2010-2011 Honda Civic, Civic NGV, Civic Hybrid and CR-V vehicles and 2013 Honda FCX Clarity and Fit EV vehicles ever registered in the states of Alabama, California, Florida, Georgia, Hawaii, Louisiana, Mississippi, South Carolina, Texas, Puerto Rico, American Samoa, Guam, the Northern Mariana Islands (Saipan), and the U.S. Virgin Islands or ""Zone A.""

Additionally, Honda is recalling certain 2010-2012 Acura TSX, Honda Accord, Accord Crosstour, Fit and Pilot, 2010-2011 Honda Civic, Civic NGV, Civic Hybrid and CR-V, and 2010 Acura ZDX and Honda Insight vehicles ever registered in the states of Arizona, Arkansas, Delaware, District of Columbia, Illinois, Indiana, Kansas, Kentucky, Maryland, Missouri, Nebraska, Nevada, New Jersey, New Mexico, North Carolina, Ohio, Oklahoma, Pennsylvania, Tennessee, Virginia, and West Virginia or ""Zone B.""

Unless included in Zones A or B above, Honda is recalling certain 2009 Acura TSX, Honda Accord, Civic, Civic NGV, Civic Hybrid, CR-V, Fit, and Pilot vehicles ever registered in the states of Alaska, Colorado, Connecticut, Idaho, Iowa, Maine, Massachusetts, Michigan, Minnesota, Montana, New Hampshire, New York, North Dakota, Oregon, Rhode Island, South Dakota, Utah, Vermont, Washington, Wisconsin, and Wyoming or ""Zone C.""

These vehicles are equipped with certain air bag inflators assembled as part of the frontal air bag modules, and used as original equipment or replacement equipment (such as after a vehicle crash necessitating replacement of the original air bags), may explode due to propellant degradation occurring after long-term exposure to higher absolute humidity, temperature and temperature cycling.",2018-01-09,An inflator explosion may result in sharp metal fragments striking the driver or other occupants resulting in serious injury or death.,"Honda will notify owners, and dealers will replace the passenger frontal air bag inflator, free of charge.  The recall began February 16, 2018.  Owners may contact Honda customer service at 1-888-234-2138.  Honda's numbers for this recall are B0K and L0J.",Honda (American Honda Motor Co.),EA15001,acura_tsx_2013,19,28,22,6.0,3.5,Automatic (S5),Compact Cars,394.0,Premium,1865,0.021,0.888,0.09,0.9393
acura,ilx,2014,19V052000,"FUEL SYSTEM, GASOLINE:STORAGE:TANK ASSEMBLY","Acura (American Honda Motor Co.) is recalling certain 2014-2019 Acura ILX vehicles.  The vehicles may have a deformed fuel tank, raising the height of the fuel pump and allowing the fuel level float to stick, possibly causing the fuel gauge to display an inaccurate fuel level.",2019-01-24,"If the fuel gauge displays that the vehicle has more gas than it actually does, the vehicle may run out of gas and stall, increasing the risk of a crash.","Acura will notify owners, and dealers will inspect and, as necessary, replace the fuel tank, free of charge.  The recall began March 14, 2019.  Owners may contact Acura customer service at 1-888-234-2138.  Acura's number for this recall is H3U, Z3T.",Honda (American Honda Motor Co.),,acura_ilx_2014,24,34,27,4.0,2.0,Automatic (S5),Compact Cars,322.0,Premium,277,0.0,0.954,0.046,0.2732
acura,ilx,2014,19V052000,"FUEL SYSTEM, GASOLINE:STORAGE:TANK ASSEMBLY","Acura (American Honda Motor Co.) is recalling certain 2014-2019 Acura ILX vehicles.  The vehicles may have a deformed fuel tank, raising the height of the fuel pump and allowing the fuel level float to stick, possibly causing the fuel gauge to display an inaccurate fuel level.",2019-01-24,"If the fuel gauge displays that the vehicle has more gas than it actually does, the vehicle may run out of gas and stall, increasing the risk of a crash.","Acura will notify owners, and dealers will inspect and, as necessary, replace the fuel tank, free of charge.  The recall began March 14, 2019.  Owners may contact Acura customer service at 1-888-234-2138.  Acura's number for this recall is H3U, Z3T.",Honda (American Honda Motor Co.),,acura_ilx_2014,22,31,25,4.0,2.4,Manual 6-spd,Compact Cars,361.0,Premium,277,0.0,0.954,0.046,0.2732
acura,ilx,2014,19V182000,AIR BAGS:FRONTAL:DRIVER SIDE:INFLATOR MODULE,"Honda (American Honda Motor Co.) is recalling specific 2003 Acura 3.2CL, 2013-2016 ILX, 2013-2014 ILX Hybrid, 2003-2006 MDX, 2007-2016 RDX, 2002-2003 3.2TL, 2004-2006, and 2009-2014 TL, 2010-2013 ZDX and 2001-2007 and 2009 Honda Accord, 2001-2005 Civic, 2003-2005 Civic Hybrid, 2001-2005 Civic GX NGV, 2002-2007 and 2010-2011 CR-V, 2003-2011 Element, 2007 Fit, 2002-2004 Odyssey, 2003-2008 Pilot, and 2006-2014 Ridgeline vehicles.  The affected vehicles received a replacement driver air bag inflator as part of a previous Takata inflator recall remedy or a replacement driver air bag module containing the same inflator type as a service part.  Due to a manufacturing error, in the event of a crash necessitating deployment of the driver frontal air bag, these inflators may explode.",2019-03-06,"An explosion of an inflator within the driver frontal air bag module may result in sharp metal fragments striking the driver, front seat passenger or other occupants resulting in serious injury or death.","Honda will notify owners, and dealers will replace the driver's air bag inflator with an alternate inflator, free of charge.  The recall began April 10, 2019.  Honda owners may contact customer service at 1-888-234-2138.  Honda's number for this recall is O41.  Acura owners may contact customer service at 1-888-234-2138.  Acura's number for this recall is U40.",Honda (American Honda Motor Co.),EA15001,acura_ilx_2014,24,34,27,4.0,2.0,Automatic (S5),Compact Cars,322.0,Premium,784,0.06,0.918,0.021,-0.5423
acura,ilx,2014,19V182000,AIR BAGS:FRONTAL:DRIVER SIDE:INFLATOR MODULE,"Honda (American Honda Motor Co.) is recalling specific 2003 Acura 3.2CL, 2013-2016 ILX, 2013-2014 ILX Hybrid, 2003-2006 MDX, 2007-2016 RDX, 2002-2003 3.2TL, 2004-2006, and 2009-2014 TL, 2010-2013 ZDX and 2001-2007 and 2009 Honda Accord, 2001-2005 Civic, 2003-2005 Civic Hybrid, 2001-2005 Civic GX NGV, 2002-2007 and 2010-2011 CR-V, 2003-2011 Element, 2007 Fit, 2002-2004 Odyssey, 2003-2008 Pilot, and 2006-2014 Ridgeline vehicles.  The affected vehicles received a replacement driver air bag inflator as part of a previous Takata inflator recall remedy or a replacement driver air bag module containing the same inflator type as a service part.  Due to a manufacturing error, in the event of a crash necessitating deployment of the driver frontal air bag, these inflators may explode.",2019-03-06,"An explosion of an inflator within the driver frontal air bag module may result in sharp metal fragments striking the driver, front seat passenger or other occupants resulting in serious injury or death.","Honda will notify owners, and dealers will replace the driver's air bag inflator with an alternate inflator, free of charge.  The recall began April 10, 2019.  Honda owners may contact customer service at 1-888-234-2138.  Honda's number for this recall is O41.  Acura owners may contact customer service at 1-888-234-2138.  Acura's number for this recall is U40.",Honda (American Honda Motor Co.),EA15001,acura_ilx_2014,22,31,25,4.0,2.4,Manual 6-spd,Compact Cars,361.0,Premium,784,0.06,0.918,0.021,-0.5423
acura,ilx,2014,16V061000,AIR BAGS:FRONTAL:DRIVER SIDE:INFLATOR MODULE,"Honda (American Honda Motor Co.) is recalling certain model year 2007-2011 Honda CR-V, 2011-2015 CR-Z, 2010-2014 FCX, and Insight, 2009-2013 Fit, 2013-2014 Fit EV, 2007-2014 Ridgeline, 2013-2016 Acura ILX, 2013-2014 Acura ILX Hybrid, 2007-2016 RDX, 2005-2012 Acura RL, 2009-2014 Acura TL, and 2010-2013 Acura ZDX vehicles.  The affected vehicles are equipped with a dual-stage driver frontal air bag that may be susceptible to moisture intrusion which, over time, could cause the inflator to rupture.",2016-02-03,"In the event of a crash necessitating deployment of the driver's frontal air bag, the inflator could rupture with metal fragments striking the driver or other occupants resulting in serious injury or death.","Honda will notify owners, and dealers will replace the inflator, free of charge. The recall began March 2017.  Owners may contact Honda customer service at 1-888-234-2138.  Honda's numbers for this recall are JY0, JY1, and JY2.",Honda (American Honda Motor Co.),EA15001,acura_ilx_2014,24,34,27,4.0,2.0,Automatic (S5),Compact Cars,322.0,Premium,500,0.021,0.888,0.091,0.6705
acura,ilx,2014,16V061000,AIR BAGS:FRONTAL:DRIVER SIDE:INFLATOR MODULE,"Honda (American Honda Motor Co.) is recalling certain model year 2007-2011 Honda CR-V, 2011-2015 CR-Z, 2010-2014 FCX, and Insight, 2009-2013 Fit, 2013-2014 Fit EV, 2007-2014 Ridgeline, 2013-2016 Acura ILX, 2013-2014 Acura ILX Hybrid, 2007-2016 RDX, 2005-2012 Acura RL, 2009-2014 Acura TL, and 2010-2013 Acura ZDX vehicles.  The affected vehicles are equipped with a dual-stage driver frontal air bag that may be susceptible to moisture intrusion which, over time, could cause the inflator to rupture.",2016-02-03,"In the event of a crash necessitating deployment of the driver's frontal air bag, the inflator could rupture with metal fragments striking the driver or other occupants resulting in serious injury or death.","Honda will notify owners, and dealers will replace the inflator, free of charge. The recall began March 2017.  Owners may contact Honda customer service at 1-888-234-2138.  Honda's numbers for this recall are JY0, JY1, and JY2.",Honda (American Honda Motor Co.),EA15001,acura_ilx_2014,22,31,25,4.0,2.4,Manual 6-spd,Compact Cars,361.0,Premium,500,0.021,0.888,0.091,0.6705
acura,ilx,2014,14V323000,EXTERIOR LIGHTING:HEADLIGHTS,"American Honda Motor Co., Inc (Honda) is recalling certain model year 2013 Acura ILX vehicles manufactured January 16, 2012 to March 1, 2013, ILX Hybrid vehicles manufactured January 12, 2012 to February 7, 2013, and certain model year 2014 ILX vehicles manufactured May 2, 2013, to May 31, 2014, and ILX Hybrid vehicles manufactured October 18, 2013 to February 19, 2014.  Excessive heat temperatures around the headlight bulb and reflector unit may diminish the output of the headlight and cause smoke, melting, and fire.  Thus, these vehicles fail to comply with the requirements of Federal Motor Vehicle Safety Standard No. 108, ""Lamps, Reflective Devices, and Associated Equipment.""",2014-06-13,"The diminished light output may decrease the driver's visibility, increasing the risk of a crash.  Additonally, the excessive heat coming from around the bulb and reflector could cause the headlights to overheat, increasing the risk of a fire.","Honda will notify owners, and dealers will replace the headlights, free of charge.  The recall began in July 2014.  Owners may contact Acura customer service at 1-800-862-2872.  Honda's number for this recall is JE9.",Honda (American Honda Motor Co.),,acura_ilx_2014,24,34,27,4.0,2.0,Automatic (S5),Compact Cars,322.0,Premium,687,0.07,0.87,0.06,-0.2732
acura,ilx,2014,14V323000,EXTERIOR LIGHTING:HEADLIGHTS,"American Honda Motor Co., Inc (Honda) is recalling certain model year 2013 Acura ILX vehicles manufactured January 16, 2012 to March 1, 2013, ILX Hybrid vehicles manufactured January 12, 2012 to February 7, 2013, and certain model year 2014 ILX vehicles manufactured May 2, 2013, to May 31, 2014, and ILX Hybrid vehicles manufactured October 18, 2013 to February 19, 2014.  Excessive heat temperatures around the headlight bulb and reflector unit may diminish the output of the headlight and cause smoke, melting, and fire.  Thus, these vehicles fail to comply with the requirements of Federal Motor Vehicle Safety Standard No. 108, ""Lamps, Reflective Devices, and Associated Equipment.""",2014-06-13,"The diminished light output may decrease the driver's visibility, increasing the risk of a crash.  Additonally, the excessive heat coming from around the bulb and reflector could cause the headlights to overheat, increasing the risk of a fire.","Honda will notify owners, and dealers will replace the headlights, free of charge.  The recall began in July 2014.  Owners may contact Acura customer service at 1-800-862-2872.  Honda's number for this recall is JE9.",Honda (American Honda Motor Co.),,acura_ilx_2014,22,31,25,4.0,2.4,Manual 6-spd,Compact Cars,361.0,Premium,687,0.07,0.87,0.06,-0.2732
acura,ilx,2014,20V770000,POWER TRAIN:DRIVELINE:DRIVESHAFT,"Honda (American Honda Motor Co.) is recalling certain 2013-2015 Acura ILX, 2013 Acura ILX Hybrid, 2012 Honda Civic Hybrid, and 2007-2008 Honda Fit vehicles with a manual transmission and 2009-2013 Honda Fit vehicles originally sold, or ever registered, in Connecticut, Delaware, District of Columbia, Illinois, Indiana, Iowa, Kentucky, Maine, Maryland, Massachusetts, Michigan, Minnesota, Missouri, New Hampshire, New Jersey, New York, Ohio, Pennsylvania, Rhode Island, Vermont, Virginia, West Virginia, and Wisconsin.  The drive shafts' protective coating may not have been applied properly during manufacturing, making it more susceptible to damage from road salt, or other contaminants, and potentially cause it to break.",2020-12-10,A broken drive shaft may cause a sudden loss of drive power.  The vehicle could also roll away if the parking brake has not been applied before the vehicle has been exited.  Either condition can increase the risk of a crash or injury.,"Honda will notify owners, and dealers will inspect the drive shafts, replacing either the left or right drive shaft, if necessary, free of charge.  Owners were notified of the safety risk with an interim letter mailed February 2, 2021.  A second letter will be sent once the remedy is available.  Owners may contact Honda customer service at 1-888-234-2138.  Honda's numbers for this recall are P9M, PAV, BAY, TAX, CA0, and MAZ.",Honda (American Honda Motor Co.),,acura_ilx_2014,24,34,27,4.0,2.0,Automatic (S5),Compact Cars,322.0,Premium,724,0.033,0.901,0.067,0.3892
acura,ilx,2014,20V770000,POWER TRAIN:DRIVELINE:DRIVESHAFT,"Honda (American Honda Motor Co.) is recalling certain 2013-2015 Acura ILX, 2013 Acura ILX Hybrid, 2012 Honda Civic Hybrid, and 2007-2008 Honda Fit vehicles with a manual transmission and 2009-2013 Honda Fit vehicles originally sold, or ever registered, in Connecticut, Delaware, District of Columbia, Illinois, Indiana, Iowa, Kentucky, Maine, Maryland, Massachusetts, Michigan, Minnesota, Missouri, New Hampshire, New Jersey, New York, Ohio, Pennsylvania, Rhode Island, Vermont, Virginia, West Virginia, and Wisconsin.  The drive shafts' protective coating may not have been applied properly during manufacturing, making it more susceptible to damage from road salt, or other contaminants, and potentially cause it to break.",2020-12-10,A broken drive shaft may cause a sudden loss of drive power.  The vehicle could also roll away if the parking brake has not been applied before the vehicle has been exited.  Either condition can increase the risk of a crash or injury.,"Honda will notify owners, and dealers will inspect the drive shafts, replacing either the left or right drive shaft, if necessary, free of charge.  Owners were notified of the safety risk with an interim letter mailed February 2, 2021.  A second letter will be sent once the remedy is available.  Owners may contact Honda customer service at 1-888-234-2138.  Honda's numbers for this recall are P9M, PAV, BAY, TAX, CA0, and MAZ.",Honda (American Honda Motor Co.),,acura_ilx_2014,22,31,25,4.0,2.4,Manual 6-spd,Compact Cars,361.0,Premium,724,0.033,0.901,0.067,0.3892
acura,ilxhybrid,2014,19V182000,AIR BAGS:FRONTAL:DRIVER SIDE:INFLATOR MODULE,"Honda (American Honda Motor Co.) is recalling specific 2003 Acura 3.2CL, 2013-2016 ILX, 2013-2014 ILX Hybrid, 2003-2006 MDX, 2007-2016 RDX, 2002-2003 3.2TL, 2004-2006, and 2009-2014 TL, 2010-2013 ZDX and 2001-2007 and 2009 Honda Accord, 2001-2005 Civic, 2003-2005 Civic Hybrid, 2001-2005 Civic GX NGV, 2002-2007 and 2010-2011 CR-V, 2003-2011 Element, 2007 Fit, 2002-2004 Odyssey, 2003-2008 Pilot, and 2006-2014 Ridgeline vehicles.  The affected vehicles received a replacement driver air bag inflator as part of a previous Takata inflator recall remedy or a replacement driver air bag module containing the same inflator type as a service part.  Due to a manufacturing error, in the event of a crash necessitating deployment of the driver frontal air bag, these inflators may explode.",2019-03-06,"An explosion of an inflator within the driver frontal air bag module may result in sharp metal fragments striking the driver, front seat passenger or other occupants resulting in serious injury or death.","Honda will notify owners, and dealers will replace the driver's air bag inflator with an alternate inflator, free of charge.  The recall began April 10, 2019.  Honda owners may contact customer service at 1-888-234-2138.  Honda's number for this recall is O41.  Acura owners may contact customer service at 1-888-234-2138.  Acura's number for this recall is U40.",Honda (American Honda Motor Co.),EA15001,acura_ilxhybrid_2014,38,38,38,4.0,1.5,Automatic (AV-S7),Compact Cars,228.0,Premium,784,0.06,0.918,0.021,-0.5423
acura,rlx,2014,15V301000,FORWARD COLLISION AVOIDANCE: CRASH IMMINENT BRAKING,"Honda (American Honda Motor Co.) is recalling certain model year 2014-2015 Acura MDX 2WD and AWD, RLX and 2014 Acura RLX Hybrid vehicles.  In certain driving conditions, the Collision Mitigation Braking System (CMBS) may incorrectly interpret certain roadside objects such as metal fences or metal guardrails as obstacles and unexpectedly apply the brakes.",2015-05-20,"If the CMBS unexpectedly applies emergency braking force while driving, there is an increased risk of a crash.","Honda will notify owners, and dealers will update the CMBS software, free of charge.  The recall began on July 6, 2015.  Owners may contact Acura customer service at 1-800-382-2238.  Honda's numbers for this recall is JQ4, JQ5 and JQ6.",Honda (American Honda Motor Co.),,acura_rlx_2014,20,30,23,6.0,3.5,Automatic (S6),Midsize Cars,380.0,Premium,356,0.086,0.808,0.106,0.0516
acura,rlx,2014,14V639000,SEAT BELTS,"American Honda Motor Company (Honda) is recalling certain model year 2014-2015 Acura MDX vehicles manufactured April 23, 2013, to August 25, 2014, and 2014 Acura RLX vehicles manufactured November 5, 2012, to November 25, 2013.  In the affected vehicles, the driver and front passenger seat belt may not extend or retract in low temperatures.",2014-10-10,A seatbelt that does not function increases the risk of injury in a crash.,"Honda has notified owners, and dealers will replace the driver and front passenger seat belts, free of charge.  The recall began in November 2014.  Owners may contact Acura customer service at 1-800-382-2238.  Honda's number for this recall is JK7 for the MKX, and JK8 for the RLX.",Honda (American Honda Motor Co.),,acura_rlx_2014,20,30,23,6.0,3.5,Automatic (S6),Midsize Cars,380.0,Premium,342,0.091,0.872,0.037,-0.2773
acura,rlx,2014,14V792000,EXTERIOR LIGHTING:HEADLIGHTS,"American Honda Motor Co. (Honda) is recalling certain model year 2014 Acura RLX vehicles manufactured November 22, 2012, to January 30, 2014, 2015 Acura RLX vehicles manufactured June 4, 2014, to November 18, 2014, and 2014 Acura RLX Hybrid vehicles manufactured November 5, 2013, to July 25, 2014.  An aluminum film applied to the inner reflector of the headlight may experience adhesion issues causing the film to delaminate.  Thus, these vehicles fail to comply with the requirements of Federal Motor Vehicle Safety Standard (FMVSS) No. 108, ""Lamps, reflective devices, and associated equipment.""",2014-12-16,"Delamination of the aluminum film may diminish output of the headlight, increasing the risk of a vehicle crash.","Honda will notify owners, and dealers will replace both of the headlights, free of charge.  The recall began February 2, 2015.  Owners may contact Honda customer service at 1-310-783-2000.  Honda's number for this recall is JN2.",Honda (American Honda Motor Co.),,acura_rlx_2014,20,30,23,6.0,3.5,Automatic (S6),Midsize Cars,380.0,Premium,599,0.058,0.892,0.05,-0.2023
acura,rlx,2014,13V622000,SUSPENSION:REAR,"American Honda Motor Company (Honda) is recalling certain model year 2014 Acura RLX vehicles manufactured August 7, 2012, through November 5, 2013.  The bolts that attach the rear lower control arms to the sub-frame of the vehicle may have loosened during transport to dealerships.",2013-12-16,"Loose rear lower control arm bolts may reduce steering ability, increasing the risk of a crash.","Honda will notify owners, and dealers will replace the rear suspension lower control arm bolts, free of charge.  The recall is expected to begin in early January 2014.  Customers may contact Honda at 1-800-999-1009.  Honda's number for this recall is JD0.",Honda (American Honda Motor Co.),,acura_rlx_2014,20,30,23,6.0,3.5,Automatic (S6),Midsize Cars,380.0,Premium,281,0.048,0.907,0.045,-0.0258
acura,rlx,2014,23V858000,"FUEL SYSTEM, GASOLINE:DELIVERY:FUEL PUMP","Honda (American Honda Motor Co.) is recalling certain 2013-2023 Honda Accord, Civic Coupe, Civic Sedan, Civic Hatchback, Civic Type R, CR-V, HR-V, Ridgeline, Odyssey, Acura ILX, MDX, MDX Hybrid, RDX, RLX, TLX, 2019-2022 Honda Insight, Passport, 2020 Honda CR-V Hybrid, 2018-2019 Honda Clarity PHEV, Fit, and 2015-2020 Honda Accord Hybrid, Pilot, Acura NSX vehicles.  The fuel pump inside the fuel tank may fail.",2023-12-18,"Fuel pump failure can cause an engine stall while driving, increasing the risk of a crash.","Dealers will replace the fuel pump module, free of charge.  Owner letters were mailed September 6, 2024.  Owners may contact Honda customer service at 1-888-234-2138.  Honda's numbers for this recall are KGC and KGD.  This recall is an expansion of NHTSA recall numbers 21V-215 and 20V-314.",Honda (American Honda Motor Co.),,acura_rlx_2014,20,30,23,6.0,3.5,Automatic (S6),Midsize Cars,380.0,Premium,411,0.05,0.845,0.105,0.4215
acura,rlxhybrid,2014,15V301000,FORWARD COLLISION AVOIDANCE: CRASH IMMINENT BRAKING,"Honda (American Honda Motor Co.) is recalling certain model year 2014-2015 Acura MDX 2WD and AWD, RLX and 2014 Acura RLX Hybrid vehicles.  In certain driving conditions, the Collision Mitigation Braking System (CMBS) may incorrectly interpret certain roadside objects such as metal fences or metal guardrails as obstacles and unexpectedly apply the brakes.",2015-05-20,"If the CMBS unexpectedly applies emergency braking force while driving, there is an increased risk of a crash.","Honda will notify owners, and dealers will update the CMBS software, free of charge.  The recall began on July 6, 2015.  Owners may contact Acura customer service at 1-800-382-2238.  Honda's numbers for this recall is JQ4, JQ5 and JQ6.",Honda (American Honda Motor Co.),,acura_rlxhybrid_2014,28,31,30,6.0,3.5,Automatic (S7),Midsize Cars,302.0,Premium,356,0.086,0.808,0.106,0.0516
acura,rlxhybrid,2014,14V792000,EXTERIOR LIGHTING:HEADLIGHTS,"American Honda Motor Co. (Honda) is recalling certain model year 2014 Acura RLX vehicles manufactured November 22, 2012, to January 30, 2014, 2015 Acura RLX vehicles manufactured June 4, 2014, to November 18, 2014, and 2014 Acura RLX Hybrid vehicles manufactured November 5, 2013, to July 25, 2014.  An aluminum film applied to the inner reflector of the headlight may experience adhesion issues causing the film to delaminate.  Thus, these vehicles fail to comply with the requirements of Federal Motor Vehicle Safety Standard (FMVSS) No. 108, ""Lamps, reflective devices, and associated equipment.""",2014-12-16,"Delamination of the aluminum film may diminish output of the headlight, increasing the risk of a vehicle crash.","Honda will notify owners, and dealers will replace both of the headlights, free of charge.  The recall began February 2, 2015.  Owners may contact Honda customer service at 1-310-783-2000.  Honda's number for this recall is JN2.",Honda (American Honda Motor Co.),,acura_rlxhybrid_2014,28,31,30,6.0,3.5,Automatic (S7),Midsize Cars,302.0,Premium,599,0.058,0.892,0.05,-0.2023
acura,tsx,2014,18V661000,AIR BAGS:FRONTAL:PASSENGER SIDE:INFLATOR MODULE,"Honda (American Honda Motor Co.) is recalling certain 2014 Honda Insight and Acura TSX and TSX Wagon, 2014-2015 Honda Crosstour and Pilot vehicles nationwide, as well as certain 2014 Honda FCX Clarity and Fit EV vehicles in Florida, Hawaii, Puerto Rico, Texas, Alabama, Georgia, Louisiana, Mississippi, South Carolina, California, American Samoa, Guam, the Northern Mariana Islands (Saipan) and the U.S. Virgin Islands.

Honda is also recalling certain 2011-2013 Acura TSX, TSX Wagon and ZDX, Honda Crosstour, Insight, Fit and Pilot vehicles, 2011-2012 Honda Accord and 2011 Honda Civic NGV, Civic, Civic Hybrid and CR-V vehicles in Arizona, Arkansas, Delaware, the District of Columbia, Illinois, Indiana, Kansas, Kentucky, Maryland, Missouri, Nebraska, Nevada, New Jersey, New Mexico, North Carolina, Ohio, Oklahoma, Pennsylvania, Tennessee, Virginia and West Virginia.

Lastly, Honda is recalling certain 2010-2013 Acura TSX and ZDX, Honda Crosstour, Fit, Insight and Pilot, 2011-2013 TSX Wagon, 2010-2012 Honda Accord and 2010-2011 Honda Civic NGV, Civic, Civic Hybrid and CR-V vehicles in Alaska, Colorado, Connecticut, Idaho, Iowa, Maine, Massachusetts, Michigan, Minnesota, Montana, New Hampshire, New York, North Dakota, Oregon, Rhode Island, South Dakota, Utah, Vermont, Washington, Wisconsin and Wyoming.

These vehicles are equipped with certain air bag air bag inflators assembled as part of the frontal air bag modules, and used as original equipment or replacement equipment (such as after a vehicle crash necessitating replacement of the original air bags), may explode due to propellant degradation occurring after long-term exposure to higher absolute humidity, temperature and temperature cycling.",2018-09-27,An inflator explosion may result in sharp metal fragments striking the driver or other occupants resulting in serious injury or death.,"Honda will notify owners, and dealers will replace the passenger frontal air bag inflator, free of charge. The recall began November 6, 2018.  Owners may contact Honda customer service at 1-888-234-2138.  Honda's numbers for this recall are M2J and S2K.",Honda (American Honda Motor Co.),EA15001,acura_tsx_2014,22,31,25,4.0,2.4,Automatic (S5),Compact Cars,349.0,Premium,1721,0.023,0.873,0.104,0.946
acura,tsx,2014,18V661000,AIR BAGS:FRONTAL:PASSENGER SIDE:INFLATOR MODULE,"Honda (American Honda Motor Co.) is recalling certain 2014 Honda Insight and Acura TSX and TSX Wagon, 2014-2015 Honda Crosstour and Pilot vehicles nationwide, as well as certain 2014 Honda FCX Clarity and Fit EV vehicles in Florida, Hawaii, Puerto Rico, Texas, Alabama, Georgia, Louisiana, Mississippi, South Carolina, California, American Samoa, Guam, the Northern Mariana Islands (Saipan) and the U.S. Virgin Islands.

Honda is also recalling certain 2011-2013 Acura TSX, TSX Wagon and ZDX, Honda Crosstour, Insight, Fit and Pilot vehicles, 2011-2012 Honda Accord and 2011 Honda Civic NGV, Civic, Civic Hybrid and CR-V vehicles in Arizona, Arkansas, Delaware, the District of Columbia, Illinois, Indiana, Kansas, Kentucky, Maryland, Missouri, Nebraska, Nevada, New Jersey, New Mexico, North Carolina, Ohio, Oklahoma, Pennsylvania, Tennessee, Virginia and West Virginia.

Lastly, Honda is recalling certain 2010-2013 Acura TSX and ZDX, Honda Crosstour, Fit, Insight and Pilot, 2011-2013 TSX Wagon, 2010-2012 Honda Accord and 2010-2011 Honda Civic NGV, Civic, Civic Hybrid and CR-V vehicles in Alaska, Colorado, Connecticut, Idaho, Iowa, Maine, Massachusetts, Michigan, Minnesota, Montana, New Hampshire, New York, North Dakota, Oregon, Rhode Island, South Dakota, Utah, Vermont, Washington, Wisconsin and Wyoming.

These vehicles are equipped with certain air bag air bag inflators assembled as part of the frontal air bag modules, and used as original equipment or replacement equipment (such as after a vehicle crash necessitating replacement of the original air bags), may explode due to propellant degradation occurring after long-term exposure to higher absolute humidity, temperature and temperature cycling.",2018-09-27,An inflator explosion may result in sharp metal fragments striking the driver or other occupants resulting in serious injury or death.,"Honda will notify owners, and dealers will replace the passenger frontal air bag inflator, free of charge. The recall began November 6, 2018.  Owners may contact Honda customer service at 1-888-234-2138.  Honda's numbers for this recall are M2J and S2K.",Honda (American Honda Motor Co.),EA15001,acura_tsx_2014,21,29,24,4.0,2.4,Manual 6-spd,Compact Cars,373.0,Premium,1721,0.023,0.873,0.104,0.946
acura,tsx,2014,18V661000,AIR BAGS:FRONTAL:PASSENGER SIDE:INFLATOR MODULE,"Honda (American Honda Motor Co.) is recalling certain 2014 Honda Insight and Acura TSX and TSX Wagon, 2014-2015 Honda Crosstour and Pilot vehicles nationwide, as well as certain 2014 Honda FCX Clarity and Fit EV vehicles in Florida, Hawaii, Puerto Rico, Texas, Alabama, Georgia, Louisiana, Mississippi, South Carolina, California, American Samoa, Guam, the Northern Mariana Islands (Saipan) and the U.S. Virgin Islands.

Honda is also recalling certain 2011-2013 Acura TSX, TSX Wagon and ZDX, Honda Crosstour, Insight, Fit and Pilot vehicles, 2011-2012 Honda Accord and 2011 Honda Civic NGV, Civic, Civic Hybrid and CR-V vehicles in Arizona, Arkansas, Delaware, the District of Columbia, Illinois, Indiana, Kansas, Kentucky, Maryland, Missouri, Nebraska, Nevada, New Jersey, New Mexico, North Carolina, Ohio, Oklahoma, Pennsylvania, Tennessee, Virginia and West Virginia.

Lastly, Honda is recalling certain 2010-2013 Acura TSX and ZDX, Honda Crosstour, Fit, Insight and Pilot, 2011-2013 TSX Wagon, 2010-2012 Honda Accord and 2010-2011 Honda Civic NGV, Civic, Civic Hybrid and CR-V vehicles in Alaska, Colorado, Connecticut, Idaho, Iowa, Maine, Massachusetts, Michigan, Minnesota, Montana, New Hampshire, New York, North Dakota, Oregon, Rhode Island, South Dakota, Utah, Vermont, Washington, Wisconsin and Wyoming.

These vehicles are equipped with certain air bag air bag inflators assembled as part of the frontal air bag modules, and used as original equipment or replacement equipment (such as after a vehicle crash necessitating replacement of the original air bags), may explode due to propellant degradation occurring after long-term exposure to higher absolute humidity, temperature and temperature cycling.",2018-09-27,An inflator explosion may result in sharp metal fragments striking the driver or other occupants resulting in serious injury or death.,"Honda will notify owners, and dealers will replace the passenger frontal air bag inflator, free of charge. The recall began November 6, 2018.  Owners may contact Honda customer service at 1-888-234-2138.  Honda's numbers for this recall are M2J and S2K.",Honda (American Honda Motor Co.),EA15001,acura_tsx_2014,19,28,22,6.0,3.5,Automatic (S5),Compact Cars,394.0,Premium,1721,0.023,0.873,0.104,0.946
acura,tsx,2014,19V502000,AIR BAGS:FRONTAL:PASSENGER SIDE:INFLATOR MODULE,"Honda (American Honda Motor Co.) is recalling certain 2009-2014 Acura TSX, 2011-2014 TSX Sport Wagon, 2010-2013 ZDX, 2008-2012 Honda Accord, 2010-2011 Accord Crosstour, 2006-2011 Civic and Civic Hybrid, 2008-2010 Civic GX NGV, 2012-2015 Crosstour, 2007-2011 CR-V, 2009-2013 Fit, 2014 Fit EV, 2010-2014 Insight, and 2009-2015 Pilot vehicles. 

The vehicles are equipped with passenger frontal air bag inflators assembled as a recall remedy part or replacement service part, that may explode due to propellant degradation occurring after long-term exposure to high absolute humidity, temperature and temperature cycling.",2019-06-27,An inflator explosion may result in sharp metal fragments striking the driver or other occupants resulting in serious injury or death.,"Honda will notify owners, and dealers will replace the passenger frontal air bag inflator, free of charge.  The recall began August 12, 2019.  Owners may contact Honda customer service at 1-888-234-2138.  Honda's numbers for this recall are F5F and Q5E.",Honda (American Honda Motor Co.),EA15001,acura_tsx_2014,22,31,25,4.0,2.4,Automatic (S5),Compact Cars,349.0,Premium,620,0.037,0.885,0.078,0.4019
acura,tsx,2014,19V502000,AIR BAGS:FRONTAL:PASSENGER SIDE:INFLATOR MODULE,"Honda (American Honda Motor Co.) is recalling certain 2009-2014 Acura TSX, 2011-2014 TSX Sport Wagon, 2010-2013 ZDX, 2008-2012 Honda Accord, 2010-2011 Accord Crosstour, 2006-2011 Civic and Civic Hybrid, 2008-2010 Civic GX NGV, 2012-2015 Crosstour, 2007-2011 CR-V, 2009-2013 Fit, 2014 Fit EV, 2010-2014 Insight, and 2009-2015 Pilot vehicles. 

The vehicles are equipped with passenger frontal air bag inflators assembled as a recall remedy part or replacement service part, that may explode due to propellant degradation occurring after long-term exposure to high absolute humidity, temperature and temperature cycling.",2019-06-27,An inflator explosion may result in sharp metal fragments striking the driver or other occupants resulting in serious injury or death.,"Honda will notify owners, and dealers will replace the passenger frontal air bag inflator, free of charge.  The recall began August 12, 2019.  Owners may contact Honda customer service at 1-888-234-2138.  Honda's numbers for this recall are F5F and Q5E.",Honda (American Honda Motor Co.),EA15001,acura_tsx_2014,21,29,24,4.0,2.4,Manual 6-spd,Compact Cars,373.0,Premium,620,0.037,0.885,0.078,0.4019
acura,tsx,2014,19V502000,AIR BAGS:FRONTAL:PASSENGER SIDE:INFLATOR MODULE,"Honda (American Honda Motor Co.) is recalling certain 2009-2014 Acura TSX, 2011-2014 TSX Sport Wagon, 2010-2013 ZDX, 2008-2012 Honda Accord, 2010-2011 Accord Crosstour, 2006-2011 Civic and Civic Hybrid, 2008-2010 Civic GX NGV, 2012-2015 Crosstour, 2007-2011 CR-V, 2009-2013 Fit, 2014 Fit EV, 2010-2014 Insight, and 2009-2015 Pilot vehicles. 

The vehicles are equipped with passenger frontal air bag inflators assembled as a recall remedy part or replacement service part, that may explode due to propellant degradation occurring after long-term exposure to high absolute humidity, temperature and temperature cycling.",2019-06-27,An inflator explosion may result in sharp metal fragments striking the driver or other occupants resulting in serious injury or death.,"Honda will notify owners, and dealers will replace the passenger frontal air bag inflator, free of charge.  The recall began August 12, 2019.  Owners may contact Honda customer service at 1-888-234-2138.  Honda's numbers for this recall are F5F and Q5E.",Honda (American Honda Motor Co.),EA15001,acura_tsx_2014,19,28,22,6.0,3.5,Automatic (S5),Compact Cars,394.0,Premium,620,0.037,0.885,0.078,0.4019
acura,tsx,2014,19V378000,AIR BAGS:FRONTAL:PASSENGER SIDE:INFLATOR MODULE,"Honda (American Honda Motor Co.) is recalling certain 2009-2014 Acura TSX, 2011-2013 TSX Sport Wagon, and 2010-2012 ZDX and 2008-2012 Honda Accord, 2010-2011 Accord Crosstour, 2006-2011 Civic, Civic Hybrid and Civic NGV, 2012-2014 Crosstour, 2007-2011 CR-V, 2009-2013 Fit, 2010-2013 Insight, and 2009-2015 Pilot vehicles.  The front passenger air bag inflator may have been installed incorrectly during replacement.",2019-05-16,"An incorrectly installed air bag inflator may not properly deploy the passenger frontal air bag in the event of a crash, increasing the risk of injury.","Honda will notify owners, and dealers will inspect the inflator installation and, if necessary, replace the passenger frontal air bag module assembly, free of charge.  The recall began July 5, 2019.  Owners may contact Honda customer service at 1-888-234-2138.  Honda's numbers for this recall are M4O, P4R, T4Q, and W4P.",Honda (American Honda Motor Co.),,acura_tsx_2014,22,31,25,4.0,2.4,Automatic (S5),Compact Cars,349.0,Premium,415,0.0,0.923,0.077,0.5574
acura,tsx,2014,19V378000,AIR BAGS:FRONTAL:PASSENGER SIDE:INFLATOR MODULE,"Honda (American Honda Motor Co.) is recalling certain 2009-2014 Acura TSX, 2011-2013 TSX Sport Wagon, and 2010-2012 ZDX and 2008-2012 Honda Accord, 2010-2011 Accord Crosstour, 2006-2011 Civic, Civic Hybrid and Civic NGV, 2012-2014 Crosstour, 2007-2011 CR-V, 2009-2013 Fit, 2010-2013 Insight, and 2009-2015 Pilot vehicles.  The front passenger air bag inflator may have been installed incorrectly during replacement.",2019-05-16,"An incorrectly installed air bag inflator may not properly deploy the passenger frontal air bag in the event of a crash, increasing the risk of injury.","Honda will notify owners, and dealers will inspect the inflator installation and, if necessary, replace the passenger frontal air bag module assembly, free of charge.  The recall began July 5, 2019.  Owners may contact Honda customer service at 1-888-234-2138.  Honda's numbers for this recall are M4O, P4R, T4Q, and W4P.",Honda (American Honda Motor Co.),,acura_tsx_2014,21,29,24,4.0,2.4,Manual 6-spd,Compact Cars,373.0,Premium,415,0.0,0.923,0.077,0.5574
acura,tsx,2014,19V378000,AIR BAGS:FRONTAL:PASSENGER SIDE:INFLATOR MODULE,"Honda (American Honda Motor Co.) is recalling certain 2009-2014 Acura TSX, 2011-2013 TSX Sport Wagon, and 2010-2012 ZDX and 2008-2012 Honda Accord, 2010-2011 Accord Crosstour, 2006-2011 Civic, Civic Hybrid and Civic NGV, 2012-2014 Crosstour, 2007-2011 CR-V, 2009-2013 Fit, 2010-2013 Insight, and 2009-2015 Pilot vehicles.  The front passenger air bag inflator may have been installed incorrectly during replacement.",2019-05-16,"An incorrectly installed air bag inflator may not properly deploy the passenger frontal air bag in the event of a crash, increasing the risk of injury.","Honda will notify owners, and dealers will inspect the inflator installation and, if necessary, replace the passenger frontal air bag module assembly, free of charge.  The recall began July 5, 2019.  Owners may contact Honda customer service at 1-888-234-2138.  Honda's numbers for this recall are M4O, P4R, T4Q, and W4P.",Honda (American Honda Motor Co.),,acura_tsx_2014,19,28,22,6.0,3.5,Automatic (S5),Compact Cars,394.0,Premium,415,0.0,0.923,0.077,0.5574
acura,ilx,2015,19V052000,"FUEL SYSTEM, GASOLINE:STORAGE:TANK ASSEMBLY","Acura (American Honda Motor Co.) is recalling certain 2014-2019 Acura ILX vehicles.  The vehicles may have a deformed fuel tank, raising the height of the fuel pump and allowing the fuel level float to stick, possibly causing the fuel gauge to display an inaccurate fuel level.",2019-01-24,"If the fuel gauge displays that the vehicle has more gas than it actually does, the vehicle may run out of gas and stall, increasing the risk of a crash.","Acura will notify owners, and dealers will inspect and, as necessary, replace the fuel tank, free of charge.  The recall began March 14, 2019.  Owners may contact Acura customer service at 1-888-234-2138.  Acura's number for this recall is H3U, Z3T.",Honda (American Honda Motor Co.),,acura_ilx_2015,24,34,28,4.0,2.0,Automatic (S5),Compact Cars,321.0,Premium,277,0.0,0.954,0.046,0.2732
acura,ilx,2015,19V052000,"FUEL SYSTEM, GASOLINE:STORAGE:TANK ASSEMBLY","Acura (American Honda Motor Co.) is recalling certain 2014-2019 Acura ILX vehicles.  The vehicles may have a deformed fuel tank, raising the height of the fuel pump and allowing the fuel level float to stick, possibly causing the fuel gauge to display an inaccurate fuel level.",2019-01-24,"If the fuel gauge displays that the vehicle has more gas than it actually does, the vehicle may run out of gas and stall, increasing the risk of a crash.","Acura will notify owners, and dealers will inspect and, as necessary, replace the fuel tank, free of charge.  The recall began March 14, 2019.  Owners may contact Acura customer service at 1-888-234-2138.  Acura's number for this recall is H3U, Z3T.",Honda (American Honda Motor Co.),,acura_ilx_2015,22,31,25,4.0,2.4,Manual 6-spd,Compact Cars,350.0,Premium,277,0.0,0.954,0.046,0.2732
acura,ilx,2015,19V182000,AIR BAGS:FRONTAL:DRIVER SIDE:INFLATOR MODULE,"Honda (American Honda Motor Co.) is recalling specific 2003 Acura 3.2CL, 2013-2016 ILX, 2013-2014 ILX Hybrid, 2003-2006 MDX, 2007-2016 RDX, 2002-2003 3.2TL, 2004-2006, and 2009-2014 TL, 2010-2013 ZDX and 2001-2007 and 2009 Honda Accord, 2001-2005 Civic, 2003-2005 Civic Hybrid, 2001-2005 Civic GX NGV, 2002-2007 and 2010-2011 CR-V, 2003-2011 Element, 2007 Fit, 2002-2004 Odyssey, 2003-2008 Pilot, and 2006-2014 Ridgeline vehicles.  The affected vehicles received a replacement driver air bag inflator as part of a previous Takata inflator recall remedy or a replacement driver air bag module containing the same inflator type as a service part.  Due to a manufacturing error, in the event of a crash necessitating deployment of the driver frontal air bag, these inflators may explode.",2019-03-06,"An explosion of an inflator within the driver frontal air bag module may result in sharp metal fragments striking the driver, front seat passenger or other occupants resulting in serious injury or death.","Honda will notify owners, and dealers will replace the driver's air bag inflator with an alternate inflator, free of charge.  The recall began April 10, 2019.  Honda owners may contact customer service at 1-888-234-2138.  Honda's number for this recall is O41.  Acura owners may contact customer service at 1-888-234-2138.  Acura's number for this recall is U40.",Honda (American Honda Motor Co.),EA15001,acura_ilx_2015,24,34,28,4.0,2.0,Automatic (S5),Compact Cars,321.0,Premium,784,0.06,0.918,0.021,-0.5423
acura,ilx,2015,19V182000,AIR BAGS:FRONTAL:DRIVER SIDE:INFLATOR MODULE,"Honda (American Honda Motor Co.) is recalling specific 2003 Acura 3.2CL, 2013-2016 ILX, 2013-2014 ILX Hybrid, 2003-2006 MDX, 2007-2016 RDX, 2002-2003 3.2TL, 2004-2006, and 2009-2014 TL, 2010-2013 ZDX and 2001-2007 and 2009 Honda Accord, 2001-2005 Civic, 2003-2005 Civic Hybrid, 2001-2005 Civic GX NGV, 2002-2007 and 2010-2011 CR-V, 2003-2011 Element, 2007 Fit, 2002-2004 Odyssey, 2003-2008 Pilot, and 2006-2014 Ridgeline vehicles.  The affected vehicles received a replacement driver air bag inflator as part of a previous Takata inflator recall remedy or a replacement driver air bag module containing the same inflator type as a service part.  Due to a manufacturing error, in the event of a crash necessitating deployment of the driver frontal air bag, these inflators may explode.",2019-03-06,"An explosion of an inflator within the driver frontal air bag module may result in sharp metal fragments striking the driver, front seat passenger or other occupants resulting in serious injury or death.","Honda will notify owners, and dealers will replace the driver's air bag inflator with an alternate inflator, free of charge.  The recall began April 10, 2019.  Honda owners may contact customer service at 1-888-234-2138.  Honda's number for this recall is O41.  Acura owners may contact customer service at 1-888-234-2138.  Acura's number for this recall is U40.",Honda (American Honda Motor Co.),EA15001,acura_ilx_2015,22,31,25,4.0,2.4,Manual 6-spd,Compact Cars,350.0,Premium,784,0.06,0.918,0.021,-0.5423
acura,ilx,2015,16V061000,AIR BAGS:FRONTAL:DRIVER SIDE:INFLATOR MODULE,"Honda (American Honda Motor Co.) is recalling certain model year 2007-2011 Honda CR-V, 2011-2015 CR-Z, 2010-2014 FCX, and Insight, 2009-2013 Fit, 2013-2014 Fit EV, 2007-2014 Ridgeline, 2013-2016 Acura ILX, 2013-2014 Acura ILX Hybrid, 2007-2016 RDX, 2005-2012 Acura RL, 2009-2014 Acura TL, and 2010-2013 Acura ZDX vehicles.  The affected vehicles are equipped with a dual-stage driver frontal air bag that may be susceptible to moisture intrusion which, over time, could cause the inflator to rupture.",2016-02-03,"In the event of a crash necessitating deployment of the driver's frontal air bag, the inflator could rupture with metal fragments striking the driver or other occupants resulting in serious injury or death.","Honda will notify owners, and dealers will replace the inflator, free of charge. The recall began March 2017.  Owners may contact Honda customer service at 1-888-234-2138.  Honda's numbers for this recall are JY0, JY1, and JY2.",Honda (American Honda Motor Co.),EA15001,acura_ilx_2015,24,34,28,4.0,2.0,Automatic (S5),Compact Cars,321.0,Premium,500,0.021,0.888,0.091,0.6705
acura,ilx,2015,16V061000,AIR BAGS:FRONTAL:DRIVER SIDE:INFLATOR MODULE,"Honda (American Honda Motor Co.) is recalling certain model year 2007-2011 Honda CR-V, 2011-2015 CR-Z, 2010-2014 FCX, and Insight, 2009-2013 Fit, 2013-2014 Fit EV, 2007-2014 Ridgeline, 2013-2016 Acura ILX, 2013-2014 Acura ILX Hybrid, 2007-2016 RDX, 2005-2012 Acura RL, 2009-2014 Acura TL, and 2010-2013 Acura ZDX vehicles.  The affected vehicles are equipped with a dual-stage driver frontal air bag that may be susceptible to moisture intrusion which, over time, could cause the inflator to rupture.",2016-02-03,"In the event of a crash necessitating deployment of the driver's frontal air bag, the inflator could rupture with metal fragments striking the driver or other occupants resulting in serious injury or death.","Honda will notify owners, and dealers will replace the inflator, free of charge. The recall began March 2017.  Owners may contact Honda customer service at 1-888-234-2138.  Honda's numbers for this recall are JY0, JY1, and JY2.",Honda (American Honda Motor Co.),EA15001,acura_ilx_2015,22,31,25,4.0,2.4,Manual 6-spd,Compact Cars,350.0,Premium,500,0.021,0.888,0.091,0.6705
acura,ilx,2015,20V770000,POWER TRAIN:DRIVELINE:DRIVESHAFT,"Honda (American Honda Motor Co.) is recalling certain 2013-2015 Acura ILX, 2013 Acura ILX Hybrid, 2012 Honda Civic Hybrid, and 2007-2008 Honda Fit vehicles with a manual transmission and 2009-2013 Honda Fit vehicles originally sold, or ever registered, in Connecticut, Delaware, District of Columbia, Illinois, Indiana, Iowa, Kentucky, Maine, Maryland, Massachusetts, Michigan, Minnesota, Missouri, New Hampshire, New Jersey, New York, Ohio, Pennsylvania, Rhode Island, Vermont, Virginia, West Virginia, and Wisconsin.  The drive shafts' protective coating may not have been applied properly during manufacturing, making it more susceptible to damage from road salt, or other contaminants, and potentially cause it to break.",2020-12-10,A broken drive shaft may cause a sudden loss of drive power.  The vehicle could also roll away if the parking brake has not been applied before the vehicle has been exited.  Either condition can increase the risk of a crash or injury.,"Honda will notify owners, and dealers will inspect the drive shafts, replacing either the left or right drive shaft, if necessary, free of charge.  Owners were notified of the safety risk with an interim letter mailed February 2, 2021.  A second letter will be sent once the remedy is available.  Owners may contact Honda customer service at 1-888-234-2138.  Honda's numbers for this recall are P9M, PAV, BAY, TAX, CA0, and MAZ.",Honda (American Honda Motor Co.),,acura_ilx_2015,24,34,28,4.0,2.0,Automatic (S5),Compact Cars,321.0,Premium,724,0.033,0.901,0.067,0.3892
acura,ilx,2015,20V770000,POWER TRAIN:DRIVELINE:DRIVESHAFT,"Honda (American Honda Motor Co.) is recalling certain 2013-2015 Acura ILX, 2013 Acura ILX Hybrid, 2012 Honda Civic Hybrid, and 2007-2008 Honda Fit vehicles with a manual transmission and 2009-2013 Honda Fit vehicles originally sold, or ever registered, in Connecticut, Delaware, District of Columbia, Illinois, Indiana, Iowa, Kentucky, Maine, Maryland, Massachusetts, Michigan, Minnesota, Missouri, New Hampshire, New Jersey, New York, Ohio, Pennsylvania, Rhode Island, Vermont, Virginia, West Virginia, and Wisconsin.  The drive shafts' protective coating may not have been applied properly during manufacturing, making it more susceptible to damage from road salt, or other contaminants, and potentially cause it to break.",2020-12-10,A broken drive shaft may cause a sudden loss of drive power.  The vehicle could also roll away if the parking brake has not been applied before the vehicle has been exited.  Either condition can increase the risk of a crash or injury.,"Honda will notify owners, and dealers will inspect the drive shafts, replacing either the left or right drive shaft, if necessary, free of charge.  Owners were notified of the safety risk with an interim letter mailed February 2, 2021.  A second letter will be sent once the remedy is available.  Owners may contact Honda customer service at 1-888-234-2138.  Honda's numbers for this recall are P9M, PAV, BAY, TAX, CA0, and MAZ.",Honda (American Honda Motor Co.),,acura_ilx_2015,22,31,25,4.0,2.4,Manual 6-spd,Compact Cars,350.0,Premium,724,0.033,0.901,0.067,0.3892
acura,rlx,2015,15V301000,FORWARD COLLISION AVOIDANCE: CRASH IMMINENT BRAKING,"Honda (American Honda Motor Co.) is recalling certain model year 2014-2015 Acura MDX 2WD and AWD, RLX and 2014 Acura RLX Hybrid vehicles.  In certain driving conditions, the Collision Mitigation Braking System (CMBS) may incorrectly interpret certain roadside objects such as metal fences or metal guardrails as obstacles and unexpectedly apply the brakes.",2015-05-20,"If the CMBS unexpectedly applies emergency braking force while driving, there is an increased risk of a crash.","Honda will notify owners, and dealers will update the CMBS software, free of charge.  The recall began on July 6, 2015.  Owners may contact Acura customer service at 1-800-382-2238.  Honda's numbers for this recall is JQ4, JQ5 and JQ6.",Honda (American Honda Motor Co.),,acura_rlx_2015,20,30,23,6.0,3.5,Automatic (S6),Midsize Cars,381.0,Premium,356,0.086,0.808,0.106,0.0516
acura,rlx,2015,14V792000,EXTERIOR LIGHTING:HEADLIGHTS,"American Honda Motor Co. (Honda) is recalling certain model year 2014 Acura RLX vehicles manufactured November 22, 2012, to January 30, 2014, 2015 Acura RLX vehicles manufactured June 4, 2014, to November 18, 2014, and 2014 Acura RLX Hybrid vehicles manufactured November 5, 2013, to July 25, 2014.  An aluminum film applied to the inner reflector of the headlight may experience adhesion issues causing the film to delaminate.  Thus, these vehicles fail to comply with the requirements of Federal Motor Vehicle Safety Standard (FMVSS) No. 108, ""Lamps, reflective devices, and associated equipment.""",2014-12-16,"Delamination of the aluminum film may diminish output of the headlight, increasing the risk of a vehicle crash.","Honda will notify owners, and dealers will replace both of the headlights, free of charge.  The recall began February 2, 2015.  Owners may contact Honda customer service at 1-310-783-2000.  Honda's number for this recall is JN2.",Honda (American Honda Motor Co.),,acura_rlx_2015,20,30,23,6.0,3.5,Automatic (S6),Midsize Cars,381.0,Premium,599,0.058,0.892,0.05,-0.2023
acura,rlx,2015,23V858000,"FUEL SYSTEM, GASOLINE:DELIVERY:FUEL PUMP","Honda (American Honda Motor Co.) is recalling certain 2013-2023 Honda Accord, Civic Coupe, Civic Sedan, Civic Hatchback, Civic Type R, CR-V, HR-V, Ridgeline, Odyssey, Acura ILX, MDX, MDX Hybrid, RDX, RLX, TLX, 2019-2022 Honda Insight, Passport, 2020 Honda CR-V Hybrid, 2018-2019 Honda Clarity PHEV, Fit, and 2015-2020 Honda Accord Hybrid, Pilot, Acura NSX vehicles.  The fuel pump inside the fuel tank may fail.",2023-12-18,"Fuel pump failure can cause an engine stall while driving, increasing the risk of a crash.","Dealers will replace the fuel pump module, free of charge.  Owner letters were mailed September 6, 2024.  Owners may contact Honda customer service at 1-888-234-2138.  Honda's numbers for this recall are KGC and KGD.  This recall is an expansion of NHTSA recall numbers 21V-215 and 20V-314.",Honda (American Honda Motor Co.),,acura_rlx_2015,20,30,23,6.0,3.5,Automatic (S6),Midsize Cars,381.0,Premium,411,0.05,0.845,0.105,0.4215
acura,tlx,2015,19V060000,"FUEL SYSTEM, OTHER:DELIVERY:FUEL PUMP","Honda (American Honda Motor Co.) is recalling certain 2016-2018 Acura MDX, 2015-2019 Acura TLX and 2015-2017 Honda Accord vehicles, equipped with a 3.5L V6 engine.  Particulates in fuel may adhere to the internal components of the fuel pump, reducing its performance.",2019-01-29,"Reduced fuel pump performance can result in an engine stall, increasing the risk of crash.","Honda will notify owners, and dealers will update the fuel injection engine control unit (FI-ECU) software and, if necessary, replace the fuel pump, free of charge.  The recall began March 25, 2019.  Owners may contact customer service at 1-888-234-2138.  Acura's recall number for this recall is P3W.  Honda's recall number for this recall is N3X.",Honda (American Honda Motor Co.),,acura_tlx_2015,24,35,28,4.0,2.4,Automatic (AM8),Compact Cars,321.0,Premium,267,0.0,0.949,0.051,0.2732
acura,tlx,2015,19V060000,"FUEL SYSTEM, OTHER:DELIVERY:FUEL PUMP","Honda (American Honda Motor Co.) is recalling certain 2016-2018 Acura MDX, 2015-2019 Acura TLX and 2015-2017 Honda Accord vehicles, equipped with a 3.5L V6 engine.  Particulates in fuel may adhere to the internal components of the fuel pump, reducing its performance.",2019-01-29,"Reduced fuel pump performance can result in an engine stall, increasing the risk of crash.","Honda will notify owners, and dealers will update the fuel injection engine control unit (FI-ECU) software and, if necessary, replace the fuel pump, free of charge.  The recall began March 25, 2019.  Owners may contact customer service at 1-888-234-2138.  Acura's recall number for this recall is P3W.  Honda's recall number for this recall is N3X.",Honda (American Honda Motor Co.),,acura_tlx_2015,21,34,25,6.0,3.5,Automatic (S9),Compact Cars,358.0,Premium,267,0.0,0.949,0.051,0.2732
acura,tlx,2015,16V640000,POWER TRAIN:AUTOMATIC TRANSMISSION:CONTROL MODULE (TCM/PCM/TECM),"Honda (American Honda Motor Co.) is recalling certain model year 2015 Acura TLX 2WD and 4WD vehicles.  In the affected vehicles, the transmission wire harness connections may have insufficient crimps, and, as a result, the transmission may unexpectedly shift to neutral.",2016-09-06,"If the vehicle unexpectedly shifts to neutral, there is an increased risk of a crash.","Acura has notified owners, and dealers will, based on the automatic transmission serial number, update the transmission software to prevent the transmission from shifting into neutral due to a faulty crimp, free of charge.  The recall began January 13, 2017.  Owners may contact Acura Client Relations at 1-888-234-2138.  Honda's number for this recall is KC2.",Honda (American Honda Motor Co.),,acura_tlx_2015,24,35,28,4.0,2.4,Automatic (AM8),Compact Cars,321.0,Premium,270,0.038,0.911,0.05,0.128
acura,tlx,2015,16V640000,POWER TRAIN:AUTOMATIC TRANSMISSION:CONTROL MODULE (TCM/PCM/TECM),"Honda (American Honda Motor Co.) is recalling certain model year 2015 Acura TLX 2WD and 4WD vehicles.  In the affected vehicles, the transmission wire harness connections may have insufficient crimps, and, as a result, the transmission may unexpectedly shift to neutral.",2016-09-06,"If the vehicle unexpectedly shifts to neutral, there is an increased risk of a crash.","Acura has notified owners, and dealers will, based on the automatic transmission serial number, update the transmission software to prevent the transmission from shifting into neutral due to a faulty crimp, free of charge.  The recall began January 13, 2017.  Owners may contact Acura Client Relations at 1-888-234-2138.  Honda's number for this recall is KC2.",Honda (American Honda Motor Co.),,acura_tlx_2015,21,34,25,6.0,3.5,Automatic (S9),Compact Cars,358.0,Premium,270,0.038,0.911,0.05,0.128
acura,tlx,2015,14V613000,EQUIPMENT:OTHER:LABELS,"American Honda Motor Co. (Honda) is recalling certain model year 2015 Acura TLX AWD vehicles manufactured August 26, 2014, to September 20, 2014.  The affected vehicles may have incorrect values for the Gross Vehicle Weight Rating (GVWR) and Gross Axle Weight Rating (GAWR) front and rear printed on the safety certification label.  As such, the vehicles do not conform to Part 567, ""Certification.""",2014-10-01,"If the vehicle is loaded to the specifications listed on the label, tire failure may result, increasing the risk of a crash.","Honda will notify owners, and dealers will install a corrected certification label, free of charge. The recall is expected to begin on October 21, 2014.  Owners may contact Honda customer service at 1-800-382-2238.  Honda's number for this recall is JK6.",Honda (American Honda Motor Co.),,acura_tlx_2015,24,35,28,4.0,2.4,Automatic (AM8),Compact Cars,321.0,Premium,399,0.108,0.787,0.105,-0.0516
acura,tlx,2015,14V613000,EQUIPMENT:OTHER:LABELS,"American Honda Motor Co. (Honda) is recalling certain model year 2015 Acura TLX AWD vehicles manufactured August 26, 2014, to September 20, 2014.  The affected vehicles may have incorrect values for the Gross Vehicle Weight Rating (GVWR) and Gross Axle Weight Rating (GAWR) front and rear printed on the safety certification label.  As such, the vehicles do not conform to Part 567, ""Certification.""",2014-10-01,"If the vehicle is loaded to the specifications listed on the label, tire failure may result, increasing the risk of a crash.","Honda will notify owners, and dealers will install a corrected certification label, free of charge. The recall is expected to begin on October 21, 2014.  Owners may contact Honda customer service at 1-800-382-2238.  Honda's number for this recall is JK6.",Honda (American Honda Motor Co.),,acura_tlx_2015,21,34,25,6.0,3.5,Automatic (S9),Compact Cars,358.0,Premium,399,0.108,0.787,0.105,-0.0516
acura,tlx,2015,14V779000,POWER TRAIN:AUTOMATIC TRANSMISSION,"American Honda Motor Co. (Honda) is recalling certain model year 2015 Acura TLX V6 2WD vehicles manufactured July 14, 2014, to November 12, 2014, and certain 2015 TLX V6 SH-AWD vehicles manufactured August 26, 2014, to November 10, 2014.  The automatic transmission parking pawl may become contaminated or the park rod may become dislodged or broken.  This may prevent the transmission from shifting into the Park position.",2014-12-08,"If the shift indicator displays ""Park"" but the park lock does not engage, the vehicle may roll away increasing the risk of a crash.","Honda will notify owners, and dealers will inspect and replace the transmission if necessary, free of charge.  The recall began January 30, 2015.  Owners may contact Honda customer service at 1-310-783-2000.  Honda's number for this recall is JM8.",Honda (American Honda Motor Co.),,acura_tlx_2015,24,35,28,4.0,2.4,Automatic (AM8),Compact Cars,321.0,Premium,423,0.043,0.882,0.074,0.0516
acura,tlx,2015,14V779000,POWER TRAIN:AUTOMATIC TRANSMISSION,"American Honda Motor Co. (Honda) is recalling certain model year 2015 Acura TLX V6 2WD vehicles manufactured July 14, 2014, to November 12, 2014, and certain 2015 TLX V6 SH-AWD vehicles manufactured August 26, 2014, to November 10, 2014.  The automatic transmission parking pawl may become contaminated or the park rod may become dislodged or broken.  This may prevent the transmission from shifting into the Park position.",2014-12-08,"If the shift indicator displays ""Park"" but the park lock does not engage, the vehicle may roll away increasing the risk of a crash.","Honda will notify owners, and dealers will inspect and replace the transmission if necessary, free of charge.  The recall began January 30, 2015.  Owners may contact Honda customer service at 1-310-783-2000.  Honda's number for this recall is JM8.",Honda (American Honda Motor Co.),,acura_tlx_2015,21,34,25,6.0,3.5,Automatic (S9),Compact Cars,358.0,Premium,423,0.043,0.882,0.074,0.0516
acura,tlx,2015,23V751000,ENGINE AND ENGINE COOLING:ENGINE:HARD PARTS INTERNAL/MECHANICAL,"Honda (American Honda Motor Co.) is recalling certain 2015-2020 Acura TLX, 2016-2020 Acura MDX, 2016 and 2018-2019 Pilot, 2017 and 2019 Ridgeline, and 2018-2019 Odyssey vehicles.  Due to a manufacturing error, the connecting rod bearing in the engine may wear and seize, damaging the engine.",2023-11-13,"A damaged engine may run improperly or stall while driving, increasing the risk of a fire, crash, or injury.","Dealers will inspect and repair, or replace the engine as necessary, free of charge.  Owner letters were mailed March 28, 2024. 2016-2017 Acura MDX owner letters were mailed November 1, 2024.  2016-2020 Acura MDX owner letters are expected to be mailed in mid-December 2024. Honda began mailing owner notification letters as of March 18, 2024. 2015-2016 Acura owner letters are expected to be mailed mid-December 2024, 2018 Acura TLX owner letters are expected to be mailed the end of March/early April 2024, 2019 Acura TLX owner letters are expected to be mailed mid-May 2024, 2020 Acura TLX owner letters are expected to be mailed mid-June 2024, and 2016-2020 Acura MDX owner letters are expected to be mailed January 27, 2025.  Owners may contact Honda customer service at 1-888-234-2138.  Honda's numbers for these recalls are XG1 and GG0.",Honda (American Honda Motor Co.),,acura_tlx_2015,24,35,28,4.0,2.4,Automatic (AM8),Compact Cars,321.0,Premium,291,0.122,0.835,0.043,-0.5994
acura,tlx,2015,23V751000,ENGINE AND ENGINE COOLING:ENGINE:HARD PARTS INTERNAL/MECHANICAL,"Honda (American Honda Motor Co.) is recalling certain 2015-2020 Acura TLX, 2016-2020 Acura MDX, 2016 and 2018-2019 Pilot, 2017 and 2019 Ridgeline, and 2018-2019 Odyssey vehicles.  Due to a manufacturing error, the connecting rod bearing in the engine may wear and seize, damaging the engine.",2023-11-13,"A damaged engine may run improperly or stall while driving, increasing the risk of a fire, crash, or injury.","Dealers will inspect and repair, or replace the engine as necessary, free of charge.  Owner letters were mailed March 28, 2024. 2016-2017 Acura MDX owner letters were mailed November 1, 2024.  2016-2020 Acura MDX owner letters are expected to be mailed in mid-December 2024. Honda began mailing owner notification letters as of March 18, 2024. 2015-2016 Acura owner letters are expected to be mailed mid-December 2024, 2018 Acura TLX owner letters are expected to be mailed the end of March/early April 2024, 2019 Acura TLX owner letters are expected to be mailed mid-May 2024, 2020 Acura TLX owner letters are expected to be mailed mid-June 2024, and 2016-2020 Acura MDX owner letters are expected to be mailed January 27, 2025.  Owners may contact Honda customer service at 1-888-234-2138.  Honda's numbers for these recalls are XG1 and GG0.",Honda (American Honda Motor Co.),,acura_tlx_2015,21,34,25,6.0,3.5,Automatic (S9),Compact Cars,358.0,Premium,291,0.122,0.835,0.043,-0.5994
acura,tlx,2015,23V858000,"FUEL SYSTEM, GASOLINE:DELIVERY:FUEL PUMP","Honda (American Honda Motor Co.) is recalling certain 2013-2023 Honda Accord, Civic Coupe, Civic Sedan, Civic Hatchback, Civic Type R, CR-V, HR-V, Ridgeline, Odyssey, Acura ILX, MDX, MDX Hybrid, RDX, RLX, TLX, 2019-2022 Honda Insight, Passport, 2020 Honda CR-V Hybrid, 2018-2019 Honda Clarity PHEV, Fit, and 2015-2020 Honda Accord Hybrid, Pilot, Acura NSX vehicles.  The fuel pump inside the fuel tank may fail.",2023-12-18,"Fuel pump failure can cause an engine stall while driving, increasing the risk of a crash.","Dealers will replace the fuel pump module, free of charge.  Owner letters were mailed September 6, 2024.  Owners may contact Honda customer service at 1-888-234-2138.  Honda's numbers for this recall are KGC and KGD.  This recall is an expansion of NHTSA recall numbers 21V-215 and 20V-314.",Honda (American Honda Motor Co.),,acura_tlx_2015,24,35,28,4.0,2.4,Automatic (AM8),Compact Cars,321.0,Premium,411,0.05,0.845,0.105,0.4215
acura,tlx,2015,23V858000,"FUEL SYSTEM, GASOLINE:DELIVERY:FUEL PUMP","Honda (American Honda Motor Co.) is recalling certain 2013-2023 Honda Accord, Civic Coupe, Civic Sedan, Civic Hatchback, Civic Type R, CR-V, HR-V, Ridgeline, Odyssey, Acura ILX, MDX, MDX Hybrid, RDX, RLX, TLX, 2019-2022 Honda Insight, Passport, 2020 Honda CR-V Hybrid, 2018-2019 Honda Clarity PHEV, Fit, and 2015-2020 Honda Accord Hybrid, Pilot, Acura NSX vehicles.  The fuel pump inside the fuel tank may fail.",2023-12-18,"Fuel pump failure can cause an engine stall while driving, increasing the risk of a crash.","Dealers will replace the fuel pump module, free of charge.  Owner letters were mailed September 6, 2024.  Owners may contact Honda customer service at 1-888-234-2138.  Honda's numbers for this recall are KGC and KGD.  This recall is an expansion of NHTSA recall numbers 21V-215 and 20V-314.",Honda (American Honda Motor Co.),,acura_tlx_2015,21,34,25,6.0,3.5,Automatic (S9),Compact Cars,358.0,Premium,411,0.05,0.845,0.105,0.4215
